Admin,admin,admin#00000,test@gmail.com,2003-07-22,$2a$12$U3JVseolAvsOGJofEsG92.TBwXZTFp6EnejLjq0jvKIrfYlhxtp4G,null,Hi{&(thinkk-better-comma#1789)&} I am Admin.,[2023-10-11T19:19:41, 2023-10-11T18:12:34, 2023-10-11T17:15:02, 2023-10-11T17:12:17, 2023-10-11T17:11:16, 2023-10-11T16:02:38, 2023-10-11T15:57:52, 2023-10-11T15:57:19, 2023-10-11T13:09:15, 2023-10-11T13:08:28, 2023-10-11T13:02:16, 2023-10-11T13:02:07, 2023-10-11T12:33:11, 2023-10-11T12:28:15, 2023-10-11T12:14:41, 2023-10-11T12:13:22, 2023-10-11T12:06:51, 2023-10-11T10:18:37, 2023-10-11T07:42:38, 2023-10-11T04:09:48, 2023-10-10T22:52:18, 2023-10-10T22:44:24, 2023-10-10T22:41:37, 2023-10-10T22:36:24, 2023-10-10T22:21:25, 2023-10-10T22:19:38, 2023-10-10T22:17:36, 2023-10-10T22:14:52, 2023-10-10T22:11:56, 2023-10-10T21:50:21, 2023-10-10T20:57:44, 2023-10-10T20:21:14, 2023-10-10T20:20:28, 2023-10-10T20:15:39, 2023-10-10T20:14:19, 2023-10-10T19:27:15, 2023-10-10T19:17:31, 2023-10-10T19:14:06, 2023-10-10T19:12:42, 2023-10-10T18:44:48, 2023-10-10T18:15:09, 2023-10-10T16:37:12, 2023-10-10T16:33:23, 2023-10-10T16:30:19, 2023-10-10T16:29:30, 2023-10-10T16:28:55, 2023-10-10T16:28:28, 2023-10-10T16:26:12, 2023-10-10T16:25:36, 2023-10-10T16:23:49, 2023-10-10T16:22:13, 2023-10-10T16:21:06, 2023-10-10T16:19:00, 2023-10-10T16:17:36, 2023-10-10T16:16:51, 2023-10-10T16:14:17, 2023-10-10T16:13:44, 2023-10-10T16:11:12, 2023-10-10T16:09:53, 2023-10-10T16:07:35, 2023-10-10T16:06:45, 2023-10-10T14:54:49, 2023-10-10T14:39:18, 2023-10-10T14:35:05, 2023-10-10T14:33:47, 2023-10-10T14:31:11, 2023-10-10T14:30:56, 2023-10-10T14:15:58, 2023-10-10T14:08:34, 2023-10-10T13:52:02, 2023-10-10T13:49:38, 2023-10-10T13:06:34, 2023-10-10T12:59:15, 2023-10-10T09:55:55, 2023-10-10T09:13:25, 2023-10-10T09:08:39, 2023-10-10T09:08:05, 2023-10-10T08:39:28, 2023-10-10T08:26:33, 2023-10-09T21:47:30, 2023-10-09T20:50:57, 2023-10-09T20:14:58, 2023-10-09T16:00:32, 2023-10-09T15:14:05, 2023-10-09T15:12:39, 2023-10-09T15:09:48, 2023-10-09T14:53:17, 2023-10-09T13:57:55, 2023-10-09T13:57:19, 2023-10-09T13:56:52, 2023-10-09T13:56:10, 2023-10-08T20:41:30, 2023-10-08T20:29:35, 2023-10-08T17:19:11, 2023-10-08T17:17:37, 2023-10-08T17:13:09, 2023-10-08T17:11:57, 2023-10-08T17:03:13, 2023-10-08T17:03:11, 2023-10-08T17:02:09, 2023-10-08T17:00:02, 2023-10-08T16:59:05, 2023-10-08T16:58:11, 2023-10-08T16:56:29, 2023-10-08T16:55:52, 2023-10-08T16:42:06, 2023-10-08T16:39:02, 2023-10-08T16:33:58, 2023-10-08T16:28:12, 2023-10-08T16:24:55, 2023-10-08T16:18:47, 2023-10-08T16:16:24, 2023-10-08T15:39:39, 2023-10-08T15:13:49, 2023-10-08T15:11:55, 2023-10-08T15:09:15, 2023-10-08T14:57:57, 2023-10-08T14:55:45, 2023-10-08T14:53:32, 2023-10-08T14:51:50, 2023-10-08T14:48:56, 2023-10-08T14:47:42, 2023-10-08T14:45:58, 2023-10-08T14:45:19, 2023-10-08T14:42:30, 2023-10-08T14:40:55, 2023-10-08T14:38:32, 2023-10-08T14:37:02, 2023-10-08T14:36:13, 2023-10-08T14:21:08, 2023-10-08T14:20:44, 2023-10-08T14:19:54, 2023-10-08T14:17:36, 2023-10-08T14:17:11, 2023-10-08T14:16:16, 2023-10-08T14:15:56, 2023-10-08T14:15:17, 2023-10-08T14:12:33, 2023-10-08T14:08:13, 2023-10-08T14:04:11, 2023-10-08T14:00:56, 2023-10-08T13:59:02, 2023-10-08T13:57:46, 2023-10-08T13:54:27, 2023-10-08T13:47:28, 2023-10-08T13:43:36, 2023-10-08T13:42:57, 2023-10-08T13:38:42, 2023-10-08T13:37:13, 2023-10-08T13:36:28, 2023-10-08T13:32:21, 2023-10-07T16:53:57, 2023-10-07T16:53:12, 2023-10-07T16:52:05, 2023-10-07T16:49:17, 2023-10-07T16:48:28, 2023-10-07T16:45:02, 2023-10-07T16:42:50, 2023-10-07T16:17:19, 2023-10-07T16:16:35, 2023-10-07T16:14:14, 2023-10-07T16:12:56, 2023-10-07T16:11:44, 2023-10-07T16:10:05, 2023-10-07T16:08:11, 2023-10-07T16:05:27, 2023-10-07T16:02:40, 2023-10-07T15:56:13, 2023-10-07T15:42:13, 2023-10-07T15:40:39, 2023-10-07T15:38:24, 2023-10-07T15:34:00, 2023-10-07T15:33:27, 2023-10-07T15:31:10, 2023-10-07T15:30:54, 2023-10-07T15:29:03, 2023-10-07T15:28:28, 2023-10-07T15:24:28, 2023-10-07T15:21:39, 2023-10-07T15:18:07, 2023-10-07T15:16:05, 2023-10-07T15:14:31, 2023-10-07T15:10:15, 2023-10-07T14:38:42, 2023-10-07T14:23:55, 2023-10-07T13:36:17, 2023-10-07T13:27:40, 2023-10-07T13:27:11, 2023-10-07T13:25:25, 2023-10-07T13:24:32, 2023-10-07T13:23:35, 2023-10-07T13:22:41, 2023-10-07T13:19:44, 2023-10-07T13:16:16, 2023-10-07T13:14:22, 2023-10-07T13:12:53, 2023-10-07T13:11:40, 2023-10-07T13:09:05, 2023-10-07T13:07:38, 2023-10-07T12:55:08, 2023-10-07T12:26:17, 2023-10-07T12:25:01, 2023-10-07T11:28:09, 2023-10-07T11:10:00, 2023-10-07T11:07:41, 2023-10-07T10:58:43, 2023-10-07T10:54:04, 2023-10-07T10:53:00, 2023-10-06T23:19:29, 2023-10-06T22:50:22, 2023-10-06T21:15:21, 2023-10-06T21:14:21, 2023-10-06T21:08:57, 2023-10-06T21:07:46, 2023-10-06T21:06:46, 2023-10-06T21:06:11, 2023-10-06T21:04:41, 2023-10-06T12:16:51, 2023-10-06T12:15:15, 2023-10-06T12:11:32, 2023-10-06T10:58:02, 2023-10-06T10:40:04, 2023-10-06T10:39:27, 2023-10-06T10:38:19, 2023-10-06T10:25:01, 2023-10-06T10:23:55, 2023-10-06T10:16:59, 2023-10-06T10:07:15, 2023-10-06T10:04:29, 2023-10-06T10:04:25, 2023-10-06T10:02:46, 2023-10-06T10:00:51, 2023-10-06T10:00:04, 2023-10-06T09:58:52, 2023-10-06T09:37:22, 2023-10-06T09:00:02, 2023-10-06T08:13:45, 2023-10-06T08:02:19, 2023-10-06T08:00:13, 2023-10-06T07:57:54, 2023-10-06T07:52:35, 2023-10-05T20:50:50, 2023-10-05T20:45:36, 2023-10-05T20:41:09, 2023-10-05T20:38:39, 2023-10-05T20:34:10, 2023-10-05T20:30:07, 2023-10-05T20:16:11, 2023-10-05T20:14:05, 2023-10-05T20:13:27, 2023-10-05T19:58:30, 2023-10-05T19:53:43, 2023-10-05T17:46:08, 2023-10-05T17:43:58, 2023-10-05T17:42:30, 2023-10-05T17:40:25, 2023-10-05T17:38:58, 2023-10-05T17:35:06, 2023-10-05T17:27:55, 2023-10-05T17:26:28, 2023-10-05T17:23:46, 2023-10-05T17:19:23, 2023-10-05T17:17:29, 2023-10-05T17:16:06, 2023-10-05T17:14:31, 2023-10-05T17:13:38, 2023-10-05T17:12:37, 2023-10-05T17:09:51, 2023-10-05T17:08:39, 2023-10-05T17:08:09, 2023-10-05T17:07:18, 2023-10-05T17:06:14, 2023-10-05T17:05:56, 2023-10-05T17:05:19, 2023-10-05T17:04:08, 2023-10-05T17:02:37, 2023-10-05T17:01:54, 2023-10-05T16:57:07, 2023-10-05T16:55:29, 2023-10-05T16:53:34, 2023-10-05T16:52:13, 2023-10-05T16:51:26, 2023-10-05T16:49:28, 2023-10-05T16:47:50, 2023-10-05T16:43:49, 2023-10-05T16:42:07, 2023-10-05T16:38:02, 2023-10-05T16:35:09, 2023-10-05T16:21:29, 2023-10-05T16:17:35, 2023-10-05T16:13:10, 2023-10-05T16:12:09, 2023-10-05T16:10:42, 2023-10-05T16:09:55, 2023-10-05T15:54:43, 2023-10-05T15:42:44, 2023-10-05T15:36:06, 2023-10-05T15:35:06, 2023-10-05T15:33:11, 2023-10-05T15:24:19, 2023-10-05T15:23:08, 2023-10-05T15:15:43, 2023-10-05T15:15:09, 2023-10-05T15:11:59, 2023-10-05T15:11:27, 2023-10-05T14:59:40, 2023-10-05T14:58:43, 2023-10-05T14:52:48, 2023-10-05T14:48:39, 2023-10-05T14:47:25, 2023-10-05T14:45:58, 2023-10-05T14:33:00, 2023-10-05T14:28:12, 2023-10-04T16:13:01, 2023-10-04T16:12:40, 2023-10-04T16:12:26, 2023-10-04T16:11:50, 2023-10-04T16:11:31, 2023-10-04T16:10:04, 2023-10-04T16:09:18, 2023-10-04T16:06:54, 2023-10-04T16:05:47, 2023-10-04T16:03:39, 2023-10-04T16:02:13, 2023-10-04T15:58:07, 2023-10-04T15:56:42, 2023-10-04T15:37:02, 2023-10-04T13:51:45, 2023-10-04T13:48:44, 2023-10-04T13:47:39, 2023-10-04T10:15:34, 2023-10-03T15:49:35, 2023-10-03T15:46:27, 2023-10-03T15:45:59, 2023-10-03T15:43:09, 2023-10-03T15:42:08, 2023-10-03T15:37:37, 2023-10-03T15:36:00, 2023-10-03T15:33:38, 2023-10-03T15:31:42, 2023-10-03T15:30:55, 2023-10-03T15:29:30, 2023-10-03T15:28:26, 2023-10-03T15:17:39, 2023-10-03T15:16:09, 2023-10-03T15:14:56, 2023-10-03T15:12:44, 2023-10-01T16:15:01, 2023-09-30T16:49:23, 2023-09-30T16:45:20, 2023-09-30T16:28:01, 2023-09-30T16:25:46, 2023-09-30T16:24:18, 2023-09-30T16:23:23, 2023-09-30T16:15:37, 2023-09-30T16:13:24, 2023-09-30T16:10:48, 2023-09-30T14:51:04, 2023-09-30T14:49:10, 2023-09-30T14:41:24, 2023-09-30T14:40:11, 2023-09-30T14:38:19, 2023-09-30T14:36:27, 2023-09-30T14:33:26, 2023-09-30T14:30:05, 2023-09-30T14:28:21, 2023-09-30T14:26:41, 2023-09-30T14:25:40, 2023-09-30T14:17:05, 2023-09-30T14:16:31, 2023-09-30T14:08:07, 2023-09-30T13:54:00, 2023-09-30T13:46:09, 2023-09-30T13:43:21, 2023-09-30T13:42:20, 2023-09-30T13:40:27, 2023-09-30T13:36:38, 2023-09-30T13:34:18, 2023-09-30T13:29:23, 2023-09-30T13:27:36, 2023-09-30T13:24:51, 2023-09-30T13:08:03, 2023-09-30T12:50:34, 2023-09-30T12:44:48, 2023-09-30T12:13:20, 2023-09-30T12:11:06, 2023-09-30T10:49:03, 2023-09-30T10:48:17, 2023-09-30T10:44:24, 2023-09-30T10:41:35, 2023-09-30T10:34:52, 2023-09-30T10:14:43, 2023-09-30T10:13:24, 2023-09-30T10:12:16, 2023-09-30T10:11:27, 2023-09-30T10:10:11, 2023-09-30T10:10:09, 2023-09-30T10:05:19, 2023-09-30T10:00:38, 2023-09-30T09:51:49, 2023-09-30T09:51:25, 2023-09-30T09:16:56, 2023-09-30T09:14:52, 2023-09-30T09:13:12, 2023-09-30T07:56:14, 2023-09-30T07:55:17, 2023-09-30T07:52:32, 2023-09-30T07:51:53, 2023-09-30T07:50:29, 2023-09-30T07:47:40, 2023-09-30T07:45:08, 2023-09-30T07:36:13, 2023-09-30T07:34:39, 2023-09-30T07:15:22, 2023-09-30T07:14:45, 2023-09-30T07:13:07, 2023-09-30T07:11:59, 2023-09-30T07:11:14, 2023-09-30T06:42:03, 2023-09-30T06:40:57, 2023-09-30T06:39:55, 2023-09-30T06:35:44, 2023-09-30T06:25:32, 2023-09-30T06:23:49, 2023-09-30T06:09:58, 2023-09-30T06:09:14, 2023-09-30T06:08:48, 2023-09-30T06:08:07, 2023-09-30T06:07:09, 2023-09-30T06:04:29, 2023-09-30T06:02:35, 2023-09-30T06:01:46, 2023-09-29T18:47:49, 2023-09-29T18:46:34, 2023-09-29T18:45:42, 2023-09-29T18:32:29, 2023-09-29T09:17:50, 2023-09-29T09:14:13, 2023-09-28T18:02:28, 2023-09-28T17:56:40, 2023-09-28T17:54:52, 2023-09-28T17:52:58, 2023-09-28T17:43:51, 2023-09-28T17:38:37, 2023-09-28T17:01:36, 2023-09-28T16:54:51, 2023-09-28T16:52:18, 2023-09-28T16:35:40, 2023-09-28T16:25:09, 2023-09-28T16:23:52, 2023-09-28T16:21:57, 2023-09-28T16:06:58, 2023-09-28T11:26:37, 2023-09-28T11:10:53, 2023-09-28T11:05:03, 2023-09-28T10:20:43, 2023-09-28T09:48:17, 2023-09-28T09:47:10, 2023-09-28T09:43:45, 2023-09-28T08:50:57, 2023-09-28T04:03:34, 2023-09-28T03:46:25, 2023-09-27T18:36:39, 2023-09-27T18:24:16, 2023-09-27T18:14:47, 2023-09-27T18:14:03, 2023-09-27T18:13:25, 2023-09-27T18:11:13, 2023-09-27T18:08:32, 2023-09-27T18:07:49, 2023-09-27T18:06:37, 2023-09-27T18:03:41, 2023-09-27T17:55:59, 2023-09-27T17:51:17, 2023-09-27T17:47:23, 2023-09-27T17:46:16, 2023-09-27T17:45:37, 2023-09-27T17:43:27, 2023-09-27T17:41:22, 2023-09-27T17:39:35, 2023-09-27T17:38:13, 2023-09-27T17:31:46, 2023-09-27T17:29:43, 2023-09-27T17:24:12, 2023-09-27T17:22:17, 2023-09-27T17:16:58, 2023-09-27T17:14:55, 2023-09-27T17:08:28, 2023-09-27T17:07:11, 2023-09-27T17:06:21, 2023-09-27T16:48:30, 2023-09-27T16:48:00, 2023-09-27T16:21:49, 2023-09-27T16:21:12, 2023-09-27T16:20:55, 2023-09-27T16:19:31, 2023-09-27T16:06:43, 2023-09-27T16:01:28, 2023-09-27T15:59:52, 2023-09-27T15:58:49, 2023-09-27T15:57:11, 2023-09-27T15:56:28, 2023-09-27T15:54:01, 2023-09-27T15:52:16, 2023-09-27T15:51:54, 2023-09-27T15:51:35, 2023-09-27T15:50:54, 2023-09-27T15:50:24, 2023-09-27T15:49:31, 2023-09-27T15:49:04, 2023-09-27T15:48:35, 2023-09-27T15:47:29, 2023-09-27T15:46:56, 2023-09-27T15:44:26, 2023-09-27T15:44:10, 2023-09-27T15:43:51, 2023-09-27T13:45:12, 2023-09-27T10:59:58, 2023-09-27T10:58:48, 2023-09-27T10:24:08, 2023-09-27T10:22:55, 2023-09-27T10:18:17, 2023-09-27T10:16:33, 2023-09-27T10:14:52, 2023-09-27T10:12:22, 2023-09-27T10:11:09, 2023-09-27T10:09:28, 2023-09-27T09:03:49, 2023-09-27T09:03:33, 2023-09-27T09:03:12, 2023-09-27T09:02:26, 2023-09-27T09:01:23, 2023-09-27T09:00:32, 2023-09-27T08:59:39, 2023-09-27T08:59:01, 2023-09-27T08:57:59, 2023-09-27T08:56:52, 2023-09-27T08:55:22, 2023-09-27T08:54:43, 2023-09-27T08:54:17, 2023-09-27T08:52:56, 2023-09-27T08:52:35, 2023-09-27T08:52:14, 2023-09-27T08:51:17, 2023-09-27T08:50:54, 2023-09-27T08:50:36, 2023-09-27T08:46:19, 2023-09-27T08:45:25, 2023-09-27T08:44:58, 2023-09-27T08:44:28, 2023-09-27T08:43:22, 2023-09-27T08:38:03, 2023-09-27T08:37:12, 2023-09-27T08:32:48, 2023-09-27T08:32:03, 2023-09-27T08:31:02, 2023-09-27T08:28:58, 2023-09-27T08:25:09, 2023-09-27T08:06:54, 2023-09-27T05:21:48, 2023-09-27T05:18:16, 2023-09-27T05:11:50, 2023-09-26T18:33:01, 2023-09-26T18:31:24, 2023-09-26T18:28:06, 2023-09-26T18:26:10, 2023-09-26T18:08:44, 2023-09-26T17:51:09, 2023-09-26T17:35:09, 2023-09-26T17:31:59, 2023-09-26T17:29:53, 2023-09-26T17:26:26, 2023-09-26T17:25:01, 2023-09-26T17:23:04, 2023-09-26T17:20:13, 2023-09-26T17:14:02, 2023-09-26T17:11:08, 2023-09-26T17:08:35, 2023-09-26T17:01:31, 2023-09-26T16:30:45, 2023-09-26T16:29:17, 2023-09-26T16:23:33, 2023-09-26T16:21:33, 2023-09-26T16:20:17, 2023-09-26T16:16:41, 2023-09-26T16:16:07, 2023-09-26T16:13:56, 2023-09-26T16:12:26, 2023-09-26T16:11:18, 2023-09-26T16:10:26, 2023-09-26T16:02:52, 2023-09-26T15:59:32, 2023-09-26T15:58:08, 2023-09-26T15:56:25, 2023-09-26T15:54:46, 2023-09-26T15:53:31, 2023-09-26T15:51:22, 2023-09-26T15:50:01, 2023-09-26T15:49:28, 2023-09-26T15:48:35, 2023-09-26T15:47:10, 2023-09-26T15:32:30, 2023-09-26T15:30:54, 2023-09-26T15:30:18, 2023-09-26T15:17:02, 2023-09-26T15:13:15, 2023-09-26T15:08:36, 2023-09-26T14:56:44, 2023-09-26T14:56:18, 2023-09-26T14:55:09, 2023-09-26T14:54:40, 2023-09-26T14:48:08, 2023-09-26T14:41:53, 2023-09-26T14:39:12, 2023-09-26T14:37:25, 2023-09-26T14:35:47, 2023-09-26T14:35:14, 2023-09-26T14:33:53, 2023-09-26T14:32:44, 2023-09-26T14:30:34, 2023-09-26T14:28:51, 2023-09-26T14:25:23, 2023-09-26T14:24:51, 2023-09-26T14:23:52, 2023-09-26T14:23:22, 2023-09-26T14:22:44, 2023-09-26T14:22:23, 2023-09-26T14:20:48, 2023-09-26T14:18:41, 2023-09-26T14:17:20, 2023-09-26T14:15:52, 2023-09-26T14:15:44, 2023-09-26T14:12:12, 2023-09-26T14:11:47, 2023-09-26T14:10:27, 2023-09-26T14:09:42, 2023-09-26T14:07:41, 2023-09-26T14:07:34, 2023-09-26T14:06:53, 2023-09-26T14:05:04, 2023-09-26T14:04:39, 2023-09-26T13:55:39, 2023-09-26T13:54:17, 2023-09-26T13:47:57, 2023-09-26T13:46:10, 2023-09-26T13:42:41, 2023-09-26T13:34:11, 2023-09-26T13:29:18, 2023-09-26T08:52:12, 2023-09-26T08:48:51, 2023-09-26T08:39:38, 2023-09-26T08:39:04, 2023-09-26T08:36:35, 2023-09-26T08:29:35, 2023-09-26T08:26:06, 2023-09-26T08:20:05, 2023-09-26T08:12:38, 2023-09-26T08:10:46, 2023-09-26T08:10:05, 2023-09-26T08:09:08, 2023-09-26T08:08:29, 2023-09-26T08:07:59, 2023-09-26T08:06:43, 2023-09-26T08:05:54, 2023-09-26T07:56:45, 2023-09-26T07:55:30, 2023-09-26T07:54:33, 2023-09-26T07:51:12, 2023-09-26T07:39:36, 2023-09-26T07:11:38, 2023-09-26T07:10:09, 2023-09-26T07:09:24, 2023-09-26T07:08:03, 2023-09-26T07:06:40, 2023-09-26T07:03:34, 2023-09-26T07:02:26, 2023-09-26T07:00:08, 2023-09-26T06:59:39, 2023-09-26T06:54:21, 2023-09-26T06:52:39, 2023-09-26T06:52:04, 2023-09-26T06:48:54, 2023-09-26T06:47:32, 2023-09-26T06:46:19, 2023-09-26T06:44:24, 2023-09-26T06:41:52, 2023-09-26T06:40:49, 2023-09-26T06:39:27, 2023-09-26T06:38:13, 2023-09-26T06:37:25, 2023-09-26T06:34:21, 2023-09-26T06:32:53, 2023-09-26T06:32:23, 2023-09-26T06:31:33, 2023-09-26T06:30:50, 2023-09-26T06:13:40, 2023-09-26T06:11:55, 2023-09-26T06:10:24, 2023-09-26T06:07:22, 2023-09-26T06:06:17, 2023-09-26T06:05:00, 2023-09-26T06:02:29, 2023-09-26T06:01:36, 2023-09-26T05:56:44, 2023-09-26T05:55:34, 2023-09-26T05:52:27, 2023-09-26T05:51:24, 2023-09-26T05:47:53, 2023-09-26T05:46:23, 2023-09-26T05:45:02, 2023-09-26T05:43:56, 2023-09-26T05:43:00, 2023-09-26T05:41:41, 2023-09-26T05:40:58, 2023-09-26T05:39:49, 2023-09-26T05:38:27, 2023-09-26T05:37:21, 2023-09-26T05:36:33, 2023-09-26T05:35:45, 2023-09-26T05:34:39, 2023-09-26T05:32:39, 2023-09-26T05:31:08, 2023-09-26T05:27:07, 2023-09-26T05:26:43, 2023-09-26T05:26:12, 2023-09-26T05:25:37, 2023-09-26T05:24:46, 2023-09-26T05:22:17, 2023-09-26T05:21:07, 2023-09-26T05:19:51, 2023-09-26T05:05:39, 2023-09-26T05:04:43, 2023-09-26T05:03:53, 2023-09-26T03:54:06, 2023-09-25T14:40:05, 2023-09-21T19:54:50, 2023-09-21T19:54:03, 2023-09-21T19:23:36, 2023-09-21T19:20:43, 2023-09-21T19:15:29, 2023-09-21T19:12:36, 2023-09-21T19:08:49, 2023-09-21T19:03:55, 2023-09-21T18:29:05, 2023-09-21T16:32:04, 2023-09-21T09:43:45, 2023-09-21T09:42:43, 2023-09-21T09:38:31, 2023-09-21T09:24:28, 2023-09-21T09:22:38, 2023-09-21T09:22:00, 2023-09-21T08:40:57, 2023-09-21T08:39:54, 2023-09-21T08:39:34, 2023-09-21T08:38:31, 2023-09-21T08:37:57, 2023-09-21T08:36:41, 2023-09-21T08:35:47, 2023-09-21T08:34:03, 2023-09-21T08:20:49, 2023-09-21T07:25:10, 2023-09-21T07:24:36, 2023-09-21T07:14:17, 2023-09-21T06:03:41, 2023-09-21T05:51:03, 2023-09-21T05:50:40, 2023-09-21T04:21:44, 2023-09-20T14:44:27, 2023-09-20T14:11:25, 2023-09-20T08:01:42, 2023-09-20T07:39:34, 2023-09-20T07:30:08, 2023-09-20T07:27:24, 2023-09-20T07:26:22, 2023-09-20T07:25:14, 2023-09-20T07:21:47, 2023-09-20T07:12:18, 2023-09-20T07:04:53, 2023-09-20T07:02:52, 2023-09-20T06:53:37, 2023-09-20T05:10:21, 2023-09-20T04:15:51, 2023-09-20T03:39:57, 2023-09-20T03:16:49, 2023-09-19T10:01:49, 2023-09-19T09:26:04, 2023-09-19T09:03:32, 2023-09-19T09:02:27, 2023-09-19T09:00:01, 2023-09-19T08:45:04, 2023-09-19T08:43:53, 2023-09-19T08:38:58, 2023-09-19T08:38:43, 2023-09-19T08:38:20, 2023-09-19T08:34:39, 2023-09-19T08:32:19, 2023-09-19T08:31:46, 2023-09-19T08:27:36, 2023-09-19T08:21:35, 2023-09-19T08:18:42, 2023-09-19T08:11:02, 2023-09-19T08:09:18, 2023-09-19T08:08:59, 2023-09-19T08:08:12, 2023-09-19T08:06:51, 2023-09-19T08:06:14, 2023-09-19T08:01:13, 2023-09-19T07:38:50, 2023-09-19T06:58:26, 2023-09-19T06:57:38, 2023-09-19T06:53:41, 2023-09-19T06:52:32, 2023-09-19T06:51:34, 2023-09-19T06:45:39, 2023-09-19T06:44:42, 2023-09-19T06:44:07, 2023-09-19T06:41:36, 2023-09-19T06:40:22, 2023-09-19T06:39:33, 2023-09-19T06:37:55, 2023-09-19T06:37:10, 2023-09-19T06:23:50, 2023-09-19T06:22:35, 2023-09-19T06:06:05, 2023-09-19T06:01:58, 2023-09-19T06:01:28, 2023-09-19T06:00:56, 2023-09-19T05:59:36, 2023-09-19T02:56:48, 2023-09-18T14:34:40, 2023-09-18T14:32:11, 2023-09-18T14:29:41, 2023-09-18T14:26:07, 2023-09-18T14:23:50, 2023-09-18T14:21:42, 2023-09-18T14:20:16, 2023-09-18T14:18:44, 2023-09-18T14:17:09, 2023-09-18T14:12:40, 2023-09-18T14:07:36, 2023-09-18T14:04:17, 2023-09-18T10:13:33, 2023-09-18T10:10:54, 2023-09-18T10:09:40, 2023-09-18T10:08:46, 2023-09-18T10:06:40, 2023-09-18T10:05:23, 2023-09-18T09:56:30, 2023-09-18T09:51:06, 2023-09-18T09:49:14, 2023-09-18T09:48:23, 2023-09-18T09:46:12, 2023-09-18T09:45:22, 2023-09-18T09:44:25, 2023-09-18T09:42:45, 2023-09-18T09:42:02, 2023-09-18T09:39:45, 2023-09-18T09:36:02, 2023-09-18T09:35:18, 2023-09-18T09:32:22, 2023-09-18T09:28:46, 2023-09-18T09:27:24, 2023-09-18T09:26:34, 2023-09-18T09:25:46, 2023-09-18T09:23:19, 2023-09-18T09:21:50, 2023-09-18T09:20:05, 2023-09-18T09:16:46, 2023-09-18T09:15:55, 2023-09-18T09:12:41, 2023-09-18T09:07:44, 2023-09-18T09:05:06, 2023-09-18T09:02:29, 2023-09-18T08:55:45, 2023-09-18T08:51:51, 2023-09-18T08:36:44, 2023-09-18T08:36:12, 2023-09-18T08:07:15, 2023-09-18T08:05:05, 2023-09-18T08:02:20, 2023-09-18T08:00:09, 2023-09-18T07:59:17, 2023-09-18T07:57:55, 2023-09-18T07:56:46, 2023-09-18T07:55:51, 2023-09-18T07:54:15, 2023-09-18T07:52:02, 2023-09-18T07:50:50, 2023-09-18T07:49:46, 2023-09-18T07:45:19, 2023-09-18T07:44:00, 2023-09-18T07:43:08, 2023-09-18T07:42:28, 2023-09-18T07:41:32, 2023-09-18T07:40:24, 2023-09-18T07:38:57, 2023-09-18T07:37:36, 2023-09-18T07:35:19, 2023-09-18T07:31:18, 2023-09-18T05:30:17, 2023-09-18T03:13:17, 2023-09-18T03:12:12, 2023-09-18T03:11:54, 2023-09-18T03:11:17, 2023-09-18T03:07:29, 2023-09-18T03:07:07, 2023-09-18T03:01:33, 2023-09-18T02:39:09, 2023-09-18T02:15:27, 2023-09-18T02:12:45, 2023-09-17T19:39:59, 2023-09-17T19:38:54, 2023-09-17T19:36:24, 2023-09-17T19:33:28, 2023-09-17T19:32:29, 2023-09-17T19:31:33, 2023-09-17T19:28:11, 2023-09-17T19:25:31, 2023-09-17T19:23:23, 2023-09-17T19:20:08, 2023-09-17T19:19:08, 2023-09-17T19:18:30, 2023-09-17T19:15:29, 2023-09-17T19:11:20, 2023-09-17T19:08:00, 2023-09-17T19:06:35, 2023-09-17T18:15:21, 2023-09-17T18:14:40, 2023-09-17T18:12:48, 2023-09-17T18:12:01, 2023-09-17T18:08:33, 2023-09-17T18:05:33, 2023-09-17T18:04:26, 2023-09-17T18:03:42, 2023-09-17T17:10:44, 2023-09-17T17:09:16, 2023-09-17T17:00:33, 2023-09-17T17:00:12, 2023-09-17T16:52:18, 2023-09-17T16:42:01, 2023-09-17T16:41:18, 2023-09-17T16:38:46, 2023-09-17T16:35:53, 2023-09-17T16:32:19, 2023-09-17T16:00:57, 2023-09-17T15:47:27, 2023-09-17T15:42:15, 2023-09-17T15:41:51, 2023-09-17T14:23:30, 2023-09-17T14:08:46, 2023-09-17T14:06:46, 2023-09-17T13:58:49, 2023-09-17T13:50:17, 2023-09-17T13:41:29, 2023-09-17T12:53:49, 2023-09-17T12:25:23, 2023-09-17T08:29:44, 2023-09-17T08:25:24, 2023-09-17T08:16:23, 2023-09-17T08:14:45, 2023-09-17T08:12:48, 2023-09-17T08:10:31, 2023-09-17T08:09:06, 2023-09-17T07:56:42, 2023-09-17T07:56:08, 2023-09-17T07:53:02, 2023-09-17T06:11:50, 2023-09-17T05:57:45, 2023-09-17T05:52:11, 2023-09-17T04:56:04, 2023-09-17T04:53:21, 2023-09-17T04:50:27, 2023-09-17T04:50:03, 2023-09-17T04:45:32, 2023-09-17T04:44:20, 2023-09-17T04:43:54, 2023-09-17T04:42:54, 2023-09-17T04:42:26, 2023-09-17T04:41:55, 2023-09-17T04:39:45, 2023-09-17T04:39:14, 2023-09-17T04:37:33, 2023-09-17T04:36:32, 2023-09-17T04:32:48, 2023-09-17T04:31:34, 2023-09-17T04:23:34, 2023-09-17T04:22:27, 2023-09-17T04:21:03, 2023-09-17T04:20:03, 2023-09-17T04:19:04, 2023-09-17T03:59:49, 2023-09-17T03:57:32, 2023-09-17T03:57:00, 2023-09-17T03:54:04, 2023-09-17T03:53:35, 2023-09-17T03:52:53, 2023-09-17T03:52:23, 2023-09-17T03:51:24, 2023-09-17T03:50:55, 2023-09-17T03:50:04, 2023-09-17T03:49:35, 2023-09-17T03:47:33, 2023-09-17T03:47:13, 2023-09-17T03:47:00, 2023-09-17T03:43:32, 2023-09-17T03:42:45, 2023-09-17T03:42:23, 2023-09-17T03:42:14, 2023-09-17T03:41:43, 2023-09-17T03:40:48, 2023-09-17T03:39:54, 2023-09-17T03:39:19, 2023-09-17T03:38:16, 2023-09-17T03:37:11, 2023-09-17T03:36:41, 2023-09-17T03:35:50, 2023-09-17T03:09:05, 2023-09-17T03:08:56, 2023-09-17T03:03:25, 2023-09-17T03:00:52, 2023-09-17T02:57:04, 2023-09-17T02:54:43, 2023-09-17T02:53:12, 2023-09-17T02:52:35, 2023-09-17T02:52:02, 2023-09-17T02:43:57, 2023-09-17T02:42:33, 2023-09-17T02:40:28, 2023-09-17T02:40:00, 2023-09-17T02:36:34, 2023-09-17T02:35:28, 2023-09-17T02:34:08, 2023-09-17T02:33:39, 2023-09-17T02:32:50, 2023-09-17T02:32:02, 2023-09-16T19:23:26, 2023-09-16T19:13:43, 2023-09-16T19:07:00, 2023-09-16T19:06:25, 2023-09-16T19:06:08, 2023-09-16T19:05:22, 2023-09-16T19:05:03, 2023-09-16T18:58:25, 2023-09-16T18:55:58, 2023-09-16T18:28:28, 2023-09-16T18:15:48, 2023-09-16T17:29:00, 2023-09-16T17:28:23, 2023-09-16T17:26:01, 2023-09-16T17:19:05, 2023-09-16T17:17:36, 2023-09-16T17:16:33, 2023-09-16T17:09:16, 2023-09-16T17:03:50, 2023-09-16T17:00:18, 2023-09-16T16:58:17, 2023-09-16T16:57:09, 2023-09-16T16:55:26, 2023-09-16T16:54:42, 2023-09-16T16:54:04, 2023-09-16T16:53:16, 2023-09-16T16:50:58, 2023-09-16T16:48:57, 2023-09-16T15:42:14, 2023-09-16T15:37:38, 2023-09-16T15:06:43, 2023-09-16T15:04:07, 2023-09-16T14:59:48, 2023-09-16T14:58:55, 2023-09-16T11:05:30, 2023-09-16T11:05:04, 2023-09-16T11:04:45, 2023-09-16T11:04:12, 2023-09-16T11:02:33, 2023-09-16T11:00:59, 2023-09-16T11:00:32, 2023-09-16T11:00:05, 2023-09-16T10:46:26, 2023-10-11T21:07:02, 2023-10-12T05:30:01, 2023-10-12T03:36:59, 2023-10-12T04:07:50, 2023-10-12T05:44:07, 2023-10-12T06:55:20, 2023-10-12T08:26:00, 2023-10-12T10:28:55, 2023-10-12T11:25:04, 2023-10-12T11:28:50, 2023-10-12T11:36:48, 2023-10-12T11:40:04, 2023-10-12T11:54:00, 2023-10-12T12:05:37, 2023-10-12T12:08:10, 2023-10-12T12:10:55, 2023-10-12T12:20:53, 2023-10-12T12:22:41, 2023-10-12T12:24:13, 2023-10-12T12:26:20, 2023-10-12T12:28:05, 2023-10-12T12:29:05, 2023-10-12T15:31:43, 2023-10-12T15:57:35, 2023-10-12T16:46:27, 2023-10-12T16:47:35, 2023-10-12T16:55:34, 2023-10-12T16:56:52, 2023-10-12T17:04:30, 2023-10-12T17:17:16, 2023-10-12T17:46:05, 2023-10-12T17:51:43, 2023-10-12T17:54:49, 2023-10-12T19:46:42, 2023-10-12T20:26:44, 2023-10-12T21:09:01, 2023-10-12T21:09:41, 2023-10-12T21:12:47, 2023-10-12T21:13:43, 2023-10-12T21:14:35, 2023-10-12T21:14:50, 2023-10-12T21:29:17, 2023-10-12T21:31:31, 2023-10-12T21:32:52, 2023-10-12T21:33:28, 2023-10-12T21:33:42, 2023-10-12T21:35:37, 2023-10-12T21:37:54, 2023-10-12T21:39:17, 2023-10-12T21:40:44, 2023-10-12T21:54:19, 2023-10-12T22:02:39, 2023-10-12T22:35:30, 2023-10-12T22:56:17, 2023-10-12T22:57:11, 2023-10-13T00:24:30, 2023-10-13T00:35:21, 2023-10-13T05:22:02, 2023-10-13T05:51:16, 2023-10-13T06:06:22, 2023-10-13T06:13:56, 2023-10-13T06:22:18, 2023-10-13T06:23:02, 2023-10-13T06:24:19, 2023-10-13T06:26:47, 2023-10-13T06:33:58, 2023-10-13T06:34:24, 2023-10-13T06:51:07, 2023-10-13T08:44:23]
Olivia OvO,olivia,user-1696942964135#00001,olivia@thinnk.com,1997-05-15,$2a$12$7pkCdI2FLGKQEVT6ZwYk6OkFQ//stcz3Nb4UJG.unEEB7Jt4CHkzO,jpg,Hi{&(thinkk-better-comma#1789)&} I am Olivia OvO.,[2023-06-01T17:19:51, 2023-06-02T09:14:58, 2023-06-11T14:28:30, 2023-06-15T15:04:54, 2023-06-16T15:09:03, 2023-06-20T19:48:03, 2023-06-22T03:00:09, 2023-06-26T11:33:06, 2023-06-26T12:33:40, 2023-06-27T11:08:17, 2023-06-27T15:19:51, 2023-07-03T17:17:51, 2023-07-04T03:34:17, 2023-07-07T20:40:04, 2023-07-10T08:39:32, 2023-07-15T09:25:07, 2023-07-16T09:21:08, 2023-07-18T07:40:05, 2023-07-20T19:45:58, 2023-07-22T01:40:51, 2023-07-26T09:44:16, 2023-08-01T01:39:06, 2023-08-01T10:05:19, 2023-08-01T14:40:18, 2023-08-01T20:20:50, 2023-08-06T02:45:16, 2023-08-06T15:41:17, 2023-08-07T19:22:34, 2023-08-09T04:23:16, 2023-08-11T00:04:41, 2023-08-11T10:42:20, 2023-08-13T00:42:11, 2023-08-15T18:31:47, 2023-08-16T21:48:20, 2023-08-19T02:14:33, 2023-08-22T22:50:04, 2023-08-25T14:17:43, 2023-08-29T10:32:21, 2023-08-29T22:36:56, 2023-09-01T12:36:55, 2023-09-03T06:28:49, 2023-09-04T19:24:55, 2023-09-08T02:13:36, 2023-09-09T02:22:49, 2023-09-12T02:11:22, 2023-09-12T22:54:51, 2023-09-16T04:26:03, 2023-09-18T18:41:13, 2023-09-20T01:04:49, 2023-09-20T17:52:41, 2023-09-21T15:56:40, 2023-09-22T16:10:01, 2023-09-22T18:44:18, 2023-09-23T12:42:58, 2023-09-23T14:19:37, 2023-09-28T17:52:12, 2023-09-30T06:47:54, 2023-10-02T16:51:20, 2023-10-04T04:28:50, 2023-10-08T19:43:30, 2023-10-10T16:07:03, 2023-10-10T19:50:47, 2023-10-10T23:10:34]
Emma W.,emma,user-1696943078364#00002,emma@thinnk.com,1993-11-25,$2a$12$rvetJRfyDd1ZlHGwFxxyv.DvDdJ.fyr/HWE5YrEr2/a4YQsF.kRa.,null,Hi{&(thinkk-better-comma#1789)&} I am Emma W..,[2023-06-04T05:37:09, 2023-06-07T13:39:25, 2023-06-15T13:49:29, 2023-06-20T20:09:30, 2023-06-23T04:18:37, 2023-06-28T05:53:11, 2023-06-28T23:17:41, 2023-07-02T07:13:54, 2023-07-03T08:55:07, 2023-07-04T17:26:30, 2023-07-05T06:01:06, 2023-07-05T15:33:44, 2023-07-06T14:40:20, 2023-07-06T14:46:49, 2023-07-08T00:03:48, 2023-07-08T09:55:52, 2023-07-12T18:58:46, 2023-07-18T12:10:15, 2023-07-22T00:42:24, 2023-07-24T19:17:19, 2023-07-29T03:00:10, 2023-08-03T07:07:40, 2023-08-03T13:53:56, 2023-08-03T14:56:32, 2023-08-03T23:56:14, 2023-08-10T19:37:52, 2023-08-12T19:18:38, 2023-08-18T00:21:51, 2023-08-24T03:27:17, 2023-08-26T16:30:27, 2023-08-28T08:56:32, 2023-09-01T15:46:04, 2023-09-02T17:24:41, 2023-09-05T04:37:58, 2023-09-05T17:47:11, 2023-09-07T19:14:30, 2023-09-08T17:08:53, 2023-09-09T11:24:00, 2023-09-10T22:57:06, 2023-09-11T00:03:59, 2023-09-15T03:51:51, 2023-09-15T14:49:35, 2023-09-16T06:15:22, 2023-09-17T18:15:32, 2023-09-18T21:13:15, 2023-09-19T03:12:41, 2023-09-19T14:00:56, 2023-09-21T21:29:56, 2023-09-26T05:06:37, 2023-09-26T19:58:00, 2023-10-01T12:17:52, 2023-10-02T19:41:19, 2023-10-04T08:51:20, 2023-10-04T12:35:42, 2023-10-04T15:54:54, 2023-10-06T08:18:44, 2023-10-07T20:35:54, 2023-10-09T19:11:48, 2023-10-10T12:21:27, 2023-10-10T13:24:42]
Charlotte,charlotte,user-1696943175117#00003,charlotte@thinnk.com,2006-10-10,$2a$12$Qbr6Y7zHA/ofTGVnkNOYB.TpDCNfelNyh8HniTCAqA6s66VnGW77m,png,Hi{&(thinkk-better-comma#1789)&} I am Charlotte.,[2023-06-01T22:48:14, 2023-06-01T23:31:34, 2023-06-03T08:23:21, 2023-06-09T11:44:24, 2023-06-12T03:51:52, 2023-06-14T10:09:13, 2023-06-17T14:09:59, 2023-06-18T15:26:27, 2023-06-19T01:26:19, 2023-06-21T11:49:24, 2023-06-22T01:37:27, 2023-06-22T15:49:22, 2023-06-24T20:43:40, 2023-06-27T06:47:34, 2023-06-29T02:31:44, 2023-07-04T07:46:04, 2023-07-06T18:41:36, 2023-07-10T10:42:44, 2023-07-11T21:56:14, 2023-07-13T23:54:29, 2023-07-14T11:27:50, 2023-07-16T07:56:33, 2023-07-18T10:05:12, 2023-07-18T13:19:48, 2023-07-23T20:51:34, 2023-07-24T15:23:13, 2023-07-27T20:00:06, 2023-07-28T14:55:44, 2023-07-30T09:51:02, 2023-08-03T05:44:06, 2023-08-03T06:13:17, 2023-08-09T09:52:12, 2023-08-12T10:36:44, 2023-08-13T11:37:09, 2023-08-16T03:52:27, 2023-08-19T08:40:29, 2023-08-20T05:37:27, 2023-08-21T00:04:23, 2023-08-22T01:16:36, 2023-08-22T23:49:42, 2023-08-25T22:11:26, 2023-08-28T17:33:40, 2023-08-30T16:53:07, 2023-08-30T21:22:11, 2023-09-02T04:23:18, 2023-09-02T18:18:10, 2023-09-05T00:17:57, 2023-09-05T09:34:49, 2023-09-06T00:59:18, 2023-09-09T06:52:54, 2023-09-10T17:54:51, 2023-09-12T06:41:06, 2023-09-12T15:47:36, 2023-09-15T17:16:50, 2023-09-18T13:20:09, 2023-09-19T22:47:40, 2023-09-25T20:34:48, 2023-09-29T13:47:47, 2023-10-01T22:37:45, 2023-10-06T03:06:14, 2023-10-10T18:35:19, 2023-10-10T18:47:31, 2023-10-10T19:14:18, 2023-10-10T19:17:43, 2023-10-10T19:31:45, 2023-10-10T19:35:42, 2023-10-10T19:45:45, 2023-10-10T19:50:10, 2023-10-10T19:51:28, 2023-10-10T20:02:43, 2023-10-10T20:21:36, 2023-10-10T20:25:02, 2023-10-11T11:02:09, 2023-10-11T11:08:40, 2023-10-11T11:12:07, 2023-10-11T11:33:26, 2023-10-11T12:04:02, 2023-10-11T12:06:23, 2023-10-11T12:10:54, 2023-10-11T12:12:11, 2023-10-11T12:14:33, 2023-10-11T12:15:31, 2023-10-11T12:26:50, 2023-10-11T12:31:58, 2023-10-11T12:33:51, 2023-10-11T12:37:01, 2023-10-11T12:45:24, 2023-10-11T12:46:00, 2023-10-11T13:42:21, 2023-10-11T13:45:39, 2023-10-11T13:50:31, 2023-10-11T14:07:01, 2023-10-11T14:26:52, 2023-10-11T14:28:53, 2023-10-11T14:30:24, 2023-10-11T14:31:21, 2023-10-11T14:43:29, 2023-10-11T15:01:08, 2023-10-11T15:08:41, 2023-10-11T15:57:44, 2023-10-11T16:53:04, 2023-10-11T17:15:31, 2023-10-11T18:03:58, 2023-10-11T18:16:34, 2023-10-11T18:22:37, 2023-10-12T14:27:19, 2023-10-12T14:31:50, 2023-10-12T14:33:10, 2023-10-12T14:38:51, 2023-10-12T14:40:13, 2023-10-12T14:41:05, 2023-10-12T14:42:14, 2023-10-12T14:43:14, 2023-10-12T14:43:59, 2023-10-13T00:18:21]
Amelia,amelia,user-1696945760450#00004,Amelia@thinnk.com,1975-02-05,$2a$12$Ee2o2OXgWdZq56/l3C7tkevbtQ8yGt2K5Eiy1aJk0B4CjgHi5jP22,null,Hi{&(thinkk-better-comma#1789)&} I am Amelia.,[2023-06-01T20:52:09, 2023-06-03T02:11:09, 2023-06-05T02:28:36, 2023-06-08T14:45:34, 2023-06-12T07:06:03, 2023-06-16T03:24:21, 2023-06-21T13:47:41, 2023-06-21T21:19:42, 2023-06-23T14:18:01, 2023-06-26T14:30:15, 2023-06-26T20:01:20, 2023-07-01T05:01:24, 2023-07-03T00:50:05, 2023-07-05T04:47:13, 2023-07-06T02:35:20, 2023-07-07T04:00:01, 2023-07-12T07:50:38, 2023-07-12T21:04:26, 2023-07-14T07:13:08, 2023-07-14T22:00:35, 2023-07-18T09:50:53, 2023-07-20T08:45:30, 2023-07-22T00:29:12, 2023-07-27T18:11:01, 2023-07-30T03:46:47, 2023-08-02T04:09:30, 2023-08-10T23:46:52, 2023-08-12T01:12:29, 2023-08-14T03:38:55, 2023-08-14T21:59:48, 2023-08-18T16:36:26, 2023-08-23T08:06:55, 2023-08-24T02:15:47, 2023-08-29T03:05:39, 2023-08-29T13:08:12, 2023-08-29T15:01:17, 2023-08-29T19:47:46, 2023-09-01T18:55:13, 2023-09-05T07:12:24, 2023-09-07T06:07:25, 2023-09-11T08:38:14, 2023-09-13T11:58:30, 2023-09-16T09:26:52, 2023-09-17T04:01:31, 2023-09-19T04:24:42, 2023-09-21T16:39:02, 2023-09-22T12:20:46, 2023-09-23T22:31:33, 2023-09-24T13:06:56, 2023-09-25T08:24:40, 2023-09-27T11:08:17, 2023-09-27T13:56:52, 2023-09-30T15:46:17, 2023-10-02T13:52:41, 2023-10-03T10:17:35, 2023-10-05T02:02:19, 2023-10-05T13:50:46, 2023-10-05T16:08:32, 2023-10-08T23:52:15, 2023-10-10T18:16:41, 2023-10-13T06:51:21]
Emily,emily,user-1696945760715#00005,Emily@thinnk.com,1977-12-05,$2a$12$/wwGH3AjLbSkcn9dvPLtqeeGUW7zvygaMeqcj4YTwnKoYARBTdE2y,null,Hi{&(thinkk-better-comma#1789)&} I am Emily.,[2023-06-03T19:51:26, 2023-06-04T05:28:46, 2023-06-07T12:51:22, 2023-06-09T05:44:01, 2023-06-09T21:45:55, 2023-06-12T10:14:24, 2023-06-14T07:07:00, 2023-06-15T11:31:04, 2023-06-21T23:54:10, 2023-06-25T23:07:17, 2023-06-26T07:05:56, 2023-06-26T12:11:52, 2023-06-27T19:32:45, 2023-06-29T18:57:41, 2023-06-30T03:49:17, 2023-07-01T16:00:24, 2023-07-02T06:35:02, 2023-07-02T23:34:19, 2023-07-04T02:00:08, 2023-07-15T04:30:39, 2023-07-15T22:01:23, 2023-07-17T01:20:35, 2023-07-17T04:51:18, 2023-07-17T13:25:15, 2023-07-18T01:06:13, 2023-07-19T02:44:39, 2023-07-22T04:46:15, 2023-07-23T17:42:24, 2023-07-25T15:25:37, 2023-07-26T15:29:05, 2023-07-26T21:46:50, 2023-07-28T06:04:17, 2023-08-01T23:41:38, 2023-08-06T03:02:35, 2023-08-12T10:00:56, 2023-08-14T04:44:19, 2023-08-16T23:33:32, 2023-08-17T08:36:27, 2023-08-17T10:19:22, 2023-08-17T16:58:08, 2023-08-18T04:24:10, 2023-09-02T02:37:53, 2023-09-04T18:17:06, 2023-09-05T03:46:26, 2023-09-09T01:23:31, 2023-09-10T18:15:00, 2023-09-11T00:34:51, 2023-09-11T18:57:14, 2023-09-12T07:51:34, 2023-09-14T18:28:27, 2023-09-16T01:09:16, 2023-09-17T15:37:40, 2023-09-19T02:59:33, 2023-09-20T00:50:12, 2023-09-20T21:21:31, 2023-10-01T20:53:45, 2023-10-02T14:09:01, 2023-10-05T17:36:05, 2023-10-09T12:29:32, 2023-10-10T20:32:10]
Mila,mila,user-1696945760966#00006,Mila@thinnk.com,1992-02-08,$2a$12$MVY5dgkAEvtIHIxf2nsnYO29ukVyIeX9MnHhkLLQGNiuxGAAoU99e,null,Hi{&(thinkk-better-comma#1789)&} I am Mila.,[2023-06-02T05:35:09, 2023-06-02T06:42:04, 2023-06-04T02:23:53, 2023-06-10T05:59:26, 2023-06-10T08:40:16, 2023-06-12T16:44:36, 2023-06-15T05:42:26, 2023-06-20T01:01:16, 2023-06-22T08:24:34, 2023-06-23T16:12:02, 2023-07-04T06:44:39, 2023-07-04T08:29:47, 2023-07-06T05:33:28, 2023-07-14T05:38:21, 2023-07-14T10:20:43, 2023-07-14T19:07:11, 2023-07-15T07:19:31, 2023-07-20T03:19:09, 2023-07-26T12:52:59, 2023-07-27T09:55:15, 2023-08-01T00:35:38, 2023-08-01T08:20:17, 2023-08-03T19:19:54, 2023-08-06T19:40:26, 2023-08-07T15:03:01, 2023-08-10T01:40:40, 2023-08-10T13:50:33, 2023-08-14T04:19:14, 2023-08-14T07:03:33, 2023-08-16T04:44:47, 2023-08-20T12:05:52, 2023-08-22T00:35:20, 2023-08-23T01:46:40, 2023-08-26T11:45:12, 2023-08-31T07:19:33, 2023-08-31T21:30:29, 2023-09-01T07:18:11, 2023-09-03T05:19:15, 2023-09-07T19:44:45, 2023-09-10T05:13:45, 2023-09-10T07:25:37, 2023-09-12T17:10:15, 2023-09-13T06:28:33, 2023-09-14T15:45:25, 2023-09-15T01:39:17, 2023-09-15T12:45:40, 2023-09-19T00:03:39, 2023-09-19T15:36:46, 2023-09-22T16:40:24, 2023-09-23T03:27:57, 2023-09-24T09:57:36, 2023-09-28T01:43:39, 2023-10-03T20:28:30, 2023-10-04T09:47:16, 2023-10-04T17:15:35, 2023-10-06T08:04:33, 2023-10-07T23:43:04, 2023-10-08T06:36:30, 2023-10-09T06:54:34, 2023-10-10T15:05:42, 2023-10-11T07:33:40, 2023-10-11T12:12:57, 2023-10-11T12:13:05]
Penelope,penelope,user-1696945761220#00007,Penelope@thinnk.com,2003-12-19,$2a$12$tN6TL8a8Yajbh8HCQKH47uDpSWmE7eRIrWRlJFm.fZr9ZpuOM1X5S,null,Hi{&(thinkk-better-comma#1789)&} I am Penelope.,[2023-06-01T08:46:20, 2023-06-03T09:29:34, 2023-06-06T23:40:28, 2023-06-07T03:07:36, 2023-06-07T21:21:23, 2023-06-10T15:24:30, 2023-06-11T07:33:22, 2023-06-12T04:29:15, 2023-06-12T09:36:33, 2023-06-12T12:28:14, 2023-06-17T08:04:18, 2023-06-19T01:49:01, 2023-06-21T01:31:01, 2023-06-23T21:47:56, 2023-06-23T22:59:13, 2023-06-30T05:00:09, 2023-06-30T21:25:41, 2023-07-02T03:08:03, 2023-07-02T13:34:59, 2023-07-02T21:25:30, 2023-07-03T14:11:18, 2023-07-04T15:14:30, 2023-07-05T03:39:12, 2023-07-08T06:21:45, 2023-07-09T09:32:49, 2023-07-10T07:13:06, 2023-07-12T18:21:09, 2023-07-14T13:17:27, 2023-07-14T17:25:59, 2023-07-20T04:09:35, 2023-07-24T20:21:34, 2023-07-28T20:44:18, 2023-07-29T18:29:07, 2023-07-31T05:19:19, 2023-08-01T18:06:59, 2023-08-03T16:10:46, 2023-08-05T23:37:24, 2023-08-06T07:10:08, 2023-08-06T14:23:29, 2023-08-08T01:59:56, 2023-08-13T06:36:11, 2023-08-13T18:43:24, 2023-08-13T20:02:59, 2023-08-15T13:40:51, 2023-08-16T19:49:54, 2023-08-20T08:26:15, 2023-08-23T15:32:52, 2023-08-31T12:52:19, 2023-09-03T20:33:39, 2023-09-10T08:24:20, 2023-09-10T13:33:28, 2023-09-11T05:08:58, 2023-09-12T06:29:11, 2023-09-17T12:15:39, 2023-09-19T20:52:20, 2023-09-21T07:50:02, 2023-09-25T01:21:31, 2023-09-28T15:01:57, 2023-10-03T05:47:30, 2023-10-09T23:08:27]
Ella,ella,user-1696945761464#00008,Ella@thinnk.com,1988-09-23,$2a$12$tgDY4FhKTsuYBBD28zcUF.jqZiicPHTR0aC8ftzPpLVrjDokv28X6,null,Hi{&(thinkk-better-comma#1789)&} I am Ella.,[2023-06-03T11:22:59, 2023-06-03T15:59:24, 2023-06-05T04:15:53, 2023-06-07T09:54:09, 2023-06-10T18:06:39, 2023-06-11T20:11:21, 2023-06-12T19:58:07, 2023-06-18T05:53:09, 2023-06-19T02:43:17, 2023-06-19T06:32:27, 2023-06-21T14:14:44, 2023-06-24T08:17:57, 2023-06-27T06:10:12, 2023-06-28T21:13:06, 2023-06-30T07:08:57, 2023-07-09T01:47:17, 2023-07-13T01:13:15, 2023-07-13T03:48:28, 2023-07-14T20:19:51, 2023-07-15T03:33:41, 2023-07-18T02:15:08, 2023-07-19T18:34:59, 2023-07-20T14:12:18, 2023-07-21T05:13:51, 2023-07-22T07:47:25, 2023-07-22T12:47:05, 2023-07-31T04:05:41, 2023-08-03T20:08:12, 2023-08-05T20:02:18, 2023-08-07T23:52:13, 2023-08-09T20:47:21, 2023-08-10T15:35:21, 2023-08-11T03:54:01, 2023-08-11T05:26:38, 2023-08-11T13:43:36, 2023-08-11T23:43:10, 2023-08-14T01:42:19, 2023-08-15T03:52:30, 2023-08-17T15:58:07, 2023-08-18T00:48:22, 2023-08-23T17:21:00, 2023-08-26T19:34:01, 2023-08-28T11:53:39, 2023-08-31T18:06:27, 2023-09-04T15:24:21, 2023-09-06T14:55:04, 2023-09-11T23:12:53, 2023-09-12T09:47:14, 2023-09-15T02:31:38, 2023-09-16T00:21:35, 2023-09-16T07:23:40, 2023-09-17T21:21:14, 2023-09-18T20:26:18, 2023-09-25T16:50:38, 2023-09-28T04:11:15, 2023-10-03T12:21:26, 2023-10-03T19:08:12, 2023-10-04T19:29:58, 2023-10-08T03:14:23, 2023-10-10T06:28:32, 2023-10-12T06:15:42, 2023-10-12T06:19:41, 2023-10-12T06:26:13]
Scarlett,scarlett,user-1696945761704#00009,Scarlett@thinnk.com,1978-06-01,$2a$12$O9oxsQ76pfYzYEKMa352a.5iQCKbhoQRyhe6Gg9Tr6drtZVOZCBjm,null,Hi{&(thinkk-better-comma#1789)&} I am Scarlett.,[2023-06-02T03:17:24, 2023-06-03T12:01:42, 2023-06-06T00:43:32, 2023-06-08T09:40:48, 2023-06-12T21:50:03, 2023-06-13T14:29:07, 2023-06-16T03:44:10, 2023-06-16T10:09:52, 2023-06-16T23:31:24, 2023-06-17T03:31:33, 2023-06-17T12:32:27, 2023-06-20T23:35:49, 2023-06-21T03:55:46, 2023-06-21T04:42:09, 2023-06-21T07:50:54, 2023-06-21T17:19:59, 2023-06-22T21:42:39, 2023-06-24T00:02:54, 2023-07-02T14:19:33, 2023-07-04T12:28:33, 2023-07-07T11:30:24, 2023-07-11T04:42:14, 2023-07-15T03:06:44, 2023-07-15T18:03:47, 2023-07-18T20:51:20, 2023-07-23T08:41:00, 2023-07-23T09:15:19, 2023-07-24T21:45:40, 2023-07-26T03:07:20, 2023-07-28T23:02:10, 2023-07-31T12:15:58, 2023-08-01T23:52:58, 2023-08-04T05:21:28, 2023-08-06T02:34:12, 2023-08-07T10:49:35, 2023-08-09T06:09:31, 2023-08-16T05:02:46, 2023-08-19T13:45:28, 2023-08-25T00:47:55, 2023-08-28T12:28:00, 2023-08-29T00:41:53, 2023-09-01T21:53:00, 2023-09-07T11:31:43, 2023-09-13T03:43:11, 2023-09-14T10:23:14, 2023-09-17T19:50:04, 2023-09-18T08:25:19, 2023-09-19T11:41:58, 2023-09-20T15:52:49, 2023-09-25T10:41:05, 2023-09-25T21:40:38, 2023-09-26T10:07:47, 2023-09-27T17:11:40, 2023-09-29T06:28:22, 2023-09-29T19:21:14, 2023-10-03T18:00:36, 2023-10-04T03:52:31, 2023-10-07T16:32:14, 2023-10-08T23:44:17, 2023-10-09T09:48:39]
Eleanor,eleanor,user-1696945761950#00010,Eleanor@thinnk.com,1994-06-03,$2a$12$WXy50v.HM8JD44Qp4rDD8e8IG3WkkmMEwT.kyXuf.tP1ilrnKxL/q,null,Hi{&(thinkk-better-comma#1789)&} I am Eleanor.,[2023-06-05T16:19:58, 2023-06-07T08:27:51, 2023-06-15T07:25:44, 2023-06-16T06:56:05, 2023-06-24T06:28:05, 2023-06-25T16:00:08, 2023-06-26T00:47:44, 2023-06-28T23:35:18, 2023-06-30T10:22:10, 2023-07-04T23:57:17, 2023-07-07T15:05:53, 2023-07-08T04:12:26, 2023-07-11T11:38:59, 2023-07-13T15:50:10, 2023-07-14T16:47:07, 2023-07-16T22:24:41, 2023-07-17T13:53:00, 2023-07-18T20:19:14, 2023-07-19T15:04:44, 2023-07-20T04:35:38, 2023-07-21T00:42:41, 2023-07-23T03:43:09, 2023-07-23T08:35:46, 2023-07-25T21:04:53, 2023-07-26T10:47:25, 2023-07-26T12:49:52, 2023-07-29T08:32:51, 2023-07-30T03:53:08, 2023-07-30T19:43:10, 2023-07-31T12:14:10, 2023-08-02T09:02:16, 2023-08-05T02:58:32, 2023-08-05T05:46:19, 2023-08-06T03:59:02, 2023-08-06T07:48:06, 2023-08-07T07:00:54, 2023-08-10T22:30:49, 2023-08-11T11:45:06, 2023-08-14T14:13:48, 2023-08-22T23:30:59, 2023-08-25T10:32:19, 2023-08-28T20:45:57, 2023-08-28T23:34:31, 2023-08-28T23:59:07, 2023-08-31T11:07:12, 2023-08-31T23:19:43, 2023-09-01T10:10:29, 2023-09-04T02:11:14, 2023-09-06T06:06:40, 2023-09-13T16:13:03, 2023-09-14T15:46:47, 2023-09-15T08:18:41, 2023-09-24T22:58:57, 2023-09-27T05:41:19, 2023-09-29T20:10:20, 2023-09-30T22:46:16, 2023-10-06T01:18:41, 2023-10-06T19:48:55, 2023-10-07T11:03:08, 2023-10-10T10:59:14]
Violet,violet,user-1696945762187#00011,Violet@thinnk.com,1983-10-06,$2a$12$M14ADGB9ZWLIVZ0udbj6XumBo1ZNLzEKK75X57ejLKmyN41K7Od.a,null,Hi{&(thinkk-better-comma#1789)&} I am Violet.,[2023-06-03T04:07:24, 2023-06-06T08:12:47, 2023-06-07T07:08:53, 2023-06-10T04:02:05, 2023-06-11T01:17:57, 2023-06-15T21:53:15, 2023-06-17T10:02:06, 2023-06-18T02:10:26, 2023-06-18T15:48:34, 2023-06-23T03:40:06, 2023-06-24T17:31:50, 2023-06-26T03:17:39, 2023-06-28T09:37:11, 2023-06-29T01:01:12, 2023-07-02T10:12:45, 2023-07-04T17:54:14, 2023-07-07T23:02:36, 2023-07-09T15:44:24, 2023-07-11T03:23:25, 2023-07-14T18:01:17, 2023-07-15T19:41:47, 2023-07-16T13:37:07, 2023-07-18T16:28:33, 2023-07-19T11:50:31, 2023-07-23T09:55:22, 2023-07-29T13:32:06, 2023-08-03T15:53:39, 2023-08-08T02:14:07, 2023-08-11T21:20:32, 2023-08-12T11:23:49, 2023-08-13T04:46:57, 2023-08-19T04:48:50, 2023-08-21T17:27:30, 2023-08-23T14:15:33, 2023-08-25T22:19:40, 2023-08-25T22:24:17, 2023-08-28T18:42:31, 2023-08-30T17:13:34, 2023-08-31T23:01:38, 2023-09-01T14:36:17, 2023-09-04T07:53:59, 2023-09-06T11:08:55, 2023-09-08T04:07:36, 2023-09-08T05:15:59, 2023-09-08T12:09:46, 2023-09-10T00:15:20, 2023-09-11T21:20:38, 2023-09-12T03:40:14, 2023-09-14T12:47:51, 2023-09-16T11:17:43, 2023-09-20T10:34:46, 2023-09-21T23:38:08, 2023-09-23T18:30:34, 2023-09-25T12:53:36, 2023-09-26T06:55:32, 2023-09-26T10:32:42, 2023-09-28T14:48:02, 2023-09-30T13:51:11, 2023-10-03T01:47:38, 2023-10-08T21:18:39]
Jayden,jayden,user-1696945762424#00012,Jayden@thinnk.com,1974-12-11,$2a$12$SLBt7Qtdf3H8w10HgaYEgOPI4VGkbjlsIKvnY/Zx68svBYbDYXetu,null,Hi{&(thinkk-better-comma#1789)&} I am Jayden.,[2023-06-02T01:10:38, 2023-06-02T11:35:00, 2023-06-03T16:51:01, 2023-06-04T07:31:26, 2023-06-05T03:00:40, 2023-06-05T12:12:57, 2023-06-15T16:52:46, 2023-06-16T21:04:47, 2023-06-19T20:20:34, 2023-06-21T02:46:09, 2023-06-22T11:10:58, 2023-06-22T19:19:43, 2023-06-23T01:57:44, 2023-06-25T21:22:28, 2023-06-27T19:39:10, 2023-06-28T00:39:36, 2023-06-30T22:15:13, 2023-07-07T04:29:10, 2023-07-13T10:10:41, 2023-07-14T13:05:32, 2023-07-15T22:13:30, 2023-07-18T10:29:43, 2023-07-18T22:05:45, 2023-08-07T13:51:18, 2023-08-07T21:57:35, 2023-08-09T16:31:31, 2023-08-10T23:58:25, 2023-08-11T18:20:52, 2023-08-14T00:15:30, 2023-08-14T16:11:28, 2023-08-16T10:54:44, 2023-08-16T17:41:07, 2023-08-19T15:39:23, 2023-08-20T07:32:23, 2023-08-20T13:12:18, 2023-08-27T00:26:58, 2023-08-29T19:33:47, 2023-08-30T17:54:21, 2023-08-31T21:14:05, 2023-08-31T21:21:47, 2023-09-02T21:57:04, 2023-09-03T23:16:09, 2023-09-05T19:55:13, 2023-09-07T11:22:24, 2023-09-14T19:01:42, 2023-09-14T23:22:46, 2023-09-16T16:26:11, 2023-09-19T04:05:17, 2023-09-22T00:44:22, 2023-09-23T08:08:36, 2023-09-23T13:03:07, 2023-09-25T16:00:20, 2023-09-27T06:54:30, 2023-09-28T03:20:18, 2023-10-02T06:18:24, 2023-10-03T14:20:24, 2023-10-07T15:06:13, 2023-10-08T19:16:12, 2023-10-09T15:18:08, 2023-10-09T16:05:48, 2023-10-12T06:15:03, 2023-10-12T12:09:20]
Zion,zion,user-1696945762662#00013,Zion@thinnk.com,1999-10-05,$2a$12$/ske/V.l5fTW/XQGt3pG8OkE8u4iMvdYf0P5TAtlUz2bjVsDnAb6e,jpeg,Hi{&(thinkk-better-comma#1789)&} I am Zion.,[2023-06-02T14:24:42, 2023-06-07T20:51:08, 2023-06-10T04:49:16, 2023-06-11T11:18:29, 2023-06-15T01:31:11, 2023-06-17T19:18:19, 2023-06-18T21:31:15, 2023-06-20T07:09:20, 2023-06-21T02:12:48, 2023-06-21T06:51:21, 2023-06-22T21:57:45, 2023-06-24T07:14:32, 2023-06-28T06:53:59, 2023-07-04T16:31:59, 2023-07-07T10:48:12, 2023-07-08T15:19:15, 2023-07-11T05:25:11, 2023-07-13T09:05:19, 2023-07-18T11:50:40, 2023-07-20T16:19:58, 2023-07-22T00:10:06, 2023-07-23T02:16:47, 2023-07-27T08:01:56, 2023-07-27T21:20:56, 2023-08-02T11:34:51, 2023-08-03T16:18:59, 2023-08-04T06:30:06, 2023-08-05T02:04:25, 2023-08-06T11:48:31, 2023-08-07T16:33:44, 2023-08-08T14:22:01, 2023-08-13T16:41:42, 2023-08-14T21:05:50, 2023-08-17T09:22:46, 2023-08-19T02:40:14, 2023-08-19T19:58:28, 2023-08-20T12:48:10, 2023-08-21T19:49:23, 2023-08-22T12:10:47, 2023-08-25T21:10:46, 2023-08-26T09:56:27, 2023-08-27T16:41:31, 2023-08-30T21:17:22, 2023-09-01T20:01:18, 2023-09-02T15:51:22, 2023-09-03T07:28:27, 2023-09-03T12:48:43, 2023-09-05T03:21:24, 2023-09-07T05:08:24, 2023-09-13T13:42:08, 2023-09-13T14:49:57, 2023-09-13T21:16:47, 2023-09-16T13:46:14, 2023-09-22T03:03:48, 2023-09-23T21:37:08, 2023-10-03T11:57:51, 2023-10-04T05:25:25, 2023-10-05T23:31:25, 2023-10-08T08:28:41, 2023-10-08T20:15:22, 2023-10-12T06:31:52, 2023-10-12T12:09:34, 2023-10-13T06:06:18]
Leon,leon,user-1696945762900#00014,Leon@thinnk.com,2001-01-12,$2a$12$3Kg3s2NPinsEvC/hP4Lzp.a7FT7x50Ei/bA0r6fCLJDO5pg3ZX7Eu,null,Hi{&(thinkk-better-comma#1789)&} I am Leon.,[2023-06-02T15:12:39, 2023-06-03T18:49:26, 2023-06-07T08:38:11, 2023-06-11T01:11:21, 2023-06-11T23:48:35, 2023-06-13T03:51:29, 2023-06-14T17:46:01, 2023-06-15T07:19:30, 2023-06-17T20:04:11, 2023-06-18T00:06:35, 2023-06-19T21:17:50, 2023-06-20T03:15:06, 2023-06-22T12:23:01, 2023-06-22T15:51:31, 2023-06-25T08:33:41, 2023-06-26T06:16:32, 2023-06-26T09:41:26, 2023-06-26T15:09:41, 2023-06-27T07:19:30, 2023-06-27T20:20:05, 2023-07-01T14:21:44, 2023-07-08T11:59:42, 2023-07-12T08:20:47, 2023-07-16T02:06:02, 2023-07-16T18:55:49, 2023-07-18T14:30:08, 2023-07-22T07:12:14, 2023-07-23T19:21:08, 2023-07-29T20:17:18, 2023-07-31T05:20:45, 2023-08-04T01:02:01, 2023-08-04T18:36:01, 2023-08-05T01:04:09, 2023-08-09T06:55:05, 2023-08-13T10:57:27, 2023-08-15T15:48:43, 2023-08-16T16:48:50, 2023-08-20T05:57:25, 2023-08-21T22:11:26, 2023-08-23T12:04:42, 2023-08-24T11:28:28, 2023-08-24T17:22:44, 2023-08-31T19:40:13, 2023-09-01T02:57:17, 2023-09-04T01:14:51, 2023-09-05T05:55:23, 2023-09-05T23:48:10, 2023-09-07T14:35:28, 2023-09-19T21:02:49, 2023-09-20T17:44:07, 2023-09-22T00:33:33, 2023-09-22T03:02:41, 2023-09-23T10:01:42, 2023-09-29T08:38:00, 2023-09-30T20:25:39, 2023-10-01T02:17:55, 2023-10-02T07:16:52, 2023-10-06T03:33:14, 2023-10-07T07:37:43, 2023-10-10T09:56:05, 2023-10-10T22:30:38, 2023-10-10T22:34:34, 2023-10-10T22:36:39, 2023-10-10T22:38:40, 2023-10-10T22:41:51, 2023-10-10T22:42:34, 2023-10-10T22:50:30, 2023-10-10T22:52:34, 2023-10-11T04:53:20, 2023-10-11T08:39:24, 2023-10-11T09:25:04, 2023-10-11T11:04:31, 2023-10-11T13:08:48, 2023-10-11T19:24:45, 2023-10-13T00:07:13, 2023-10-13T00:08:13, 2023-10-13T03:41:11]
Alex,alex,user-1696945763138#00015,Alex@thinnk.com,2006-06-13,$2a$12$6J1F0CStuta/BgrMm/23fuhhaT3kUOZnXa0PLRgVttUrPQHExHdhe,null,Hi{&(thinkk-better-comma#1789)&} I am Alex.,[2023-06-01T18:28:46, 2023-06-02T11:59:18, 2023-06-04T17:05:38, 2023-06-05T18:59:18, 2023-06-12T09:51:38, 2023-06-13T04:12:51, 2023-06-15T07:04:20, 2023-06-21T01:21:29, 2023-06-22T18:25:38, 2023-06-26T01:38:10, 2023-06-29T19:28:46, 2023-07-03T03:18:06, 2023-07-04T10:42:59, 2023-07-04T12:00:07, 2023-07-04T16:52:00, 2023-07-19T01:32:08, 2023-07-20T04:58:01, 2023-07-20T05:43:49, 2023-07-23T03:35:19, 2023-07-25T02:08:56, 2023-07-26T01:49:10, 2023-07-28T14:31:11, 2023-07-29T09:09:57, 2023-07-31T02:47:13, 2023-07-31T16:11:52, 2023-08-01T07:08:26, 2023-08-04T03:42:56, 2023-08-06T14:17:29, 2023-08-10T12:04:45, 2023-08-17T18:18:59, 2023-08-17T18:35:08, 2023-08-17T19:29:52, 2023-08-19T02:57:11, 2023-08-20T02:46:12, 2023-08-20T20:46:25, 2023-08-22T03:06:41, 2023-08-24T14:16:55, 2023-08-24T17:45:39, 2023-08-25T12:40:46, 2023-08-27T18:28:35, 2023-09-02T23:01:29, 2023-09-05T05:03:19, 2023-09-08T06:00:07, 2023-09-09T20:05:58, 2023-09-11T08:58:04, 2023-09-15T18:56:35, 2023-09-17T09:26:22, 2023-09-26T01:57:56, 2023-09-28T16:27:41, 2023-10-01T12:08:55, 2023-10-02T07:39:00, 2023-10-02T18:39:01, 2023-10-03T05:16:41, 2023-10-05T11:25:07, 2023-10-05T11:57:53, 2023-10-06T06:12:44, 2023-10-07T13:45:37, 2023-10-09T00:01:15, 2023-10-09T13:23:26, 2023-10-10T04:10:39, 2023-10-11T07:35:18, 2023-10-12T12:10:12]
Joseph,joseph,user-1696945763375#00016,Joseph@thinnk.com,1980-10-05,$2a$12$hDXQsdTGMS9R8bhe.wHDsuYt0VdXZqXWRaN4OCGVV7vDTLgYvPK9W,null,Hi{&(thinkk-better-comma#1789)&} I am Joseph.,[2023-06-01T08:13:54, 2023-06-02T23:06:59, 2023-06-05T03:40:05, 2023-06-07T02:26:00, 2023-06-09T17:45:24, 2023-06-10T00:02:19, 2023-06-10T04:26:30, 2023-06-17T06:30:50, 2023-06-19T10:18:45, 2023-06-20T04:03:28, 2023-06-20T08:37:58, 2023-06-20T11:47:22, 2023-06-22T15:23:22, 2023-06-22T22:03:50, 2023-06-28T20:18:18, 2023-07-02T21:22:28, 2023-07-03T11:17:11, 2023-07-04T07:58:42, 2023-07-05T21:29:54, 2023-07-09T12:03:18, 2023-07-10T15:20:23, 2023-07-11T18:34:51, 2023-07-12T21:42:17, 2023-07-15T08:28:42, 2023-07-16T04:25:49, 2023-07-20T18:26:05, 2023-07-25T13:57:07, 2023-07-25T23:50:51, 2023-07-27T15:29:25, 2023-07-30T04:14:12, 2023-08-02T02:16:08, 2023-08-02T03:38:57, 2023-08-05T03:42:13, 2023-08-05T09:58:48, 2023-08-05T23:11:07, 2023-08-13T07:21:33, 2023-08-18T05:03:26, 2023-08-21T00:30:12, 2023-08-22T10:38:07, 2023-08-22T20:19:31, 2023-08-23T07:48:22, 2023-08-24T12:11:15, 2023-08-24T18:46:08, 2023-08-25T06:24:40, 2023-08-28T04:29:51, 2023-09-02T14:19:39, 2023-09-07T08:52:41, 2023-09-10T03:03:21, 2023-09-11T06:48:27, 2023-09-13T05:41:08, 2023-09-17T11:50:30, 2023-09-17T22:43:37, 2023-09-18T05:28:48, 2023-09-21T16:10:43, 2023-09-24T06:50:20, 2023-09-25T13:10:15, 2023-09-25T21:48:21, 2023-09-27T04:24:35, 2023-09-27T12:45:32, 2023-10-06T18:12:40, 2023-10-12T12:10:35]
Lennox,lennox,user-1696945763611#00017,Lennox@thinnk.com,1976-03-26,$2a$12$4K10N5VfQt/0FR1JOjxC7ueH0.t9w07oHkqR2MeSBgDxuYL17yYDC,null,Hi{&(thinkk-better-comma#1789)&} I am Lennox.,[2023-06-04T10:43:57, 2023-06-06T22:28:23, 2023-06-06T23:16:09, 2023-06-08T18:11:55, 2023-06-09T08:09:43, 2023-06-11T03:52:22, 2023-06-12T05:49:15, 2023-06-14T08:17:07, 2023-06-15T23:56:39, 2023-06-17T01:08:45, 2023-06-18T07:22:18, 2023-06-20T05:06:47, 2023-06-20T11:57:43, 2023-06-21T03:46:25, 2023-06-22T00:57:23, 2023-06-26T07:56:45, 2023-06-28T10:55:23, 2023-06-29T11:29:19, 2023-07-02T16:38:15, 2023-07-03T04:40:38, 2023-07-05T10:58:26, 2023-07-06T00:06:24, 2023-07-06T20:34:02, 2023-07-06T20:58:24, 2023-07-14T07:31:37, 2023-07-19T04:33:01, 2023-07-19T15:45:14, 2023-07-22T19:10:05, 2023-07-24T03:05:06, 2023-07-26T04:57:56, 2023-07-28T15:37:23, 2023-07-30T02:08:19, 2023-08-01T18:29:51, 2023-08-03T13:03:27, 2023-08-03T18:26:47, 2023-08-07T01:34:27, 2023-08-11T09:03:56, 2023-08-18T14:39:54, 2023-08-27T02:59:35, 2023-08-29T22:36:42, 2023-08-30T14:25:33, 2023-09-05T07:31:25, 2023-09-05T10:11:51, 2023-09-05T19:24:41, 2023-09-10T07:35:55, 2023-09-16T05:34:46, 2023-09-19T13:36:48, 2023-09-21T10:07:58, 2023-09-21T16:36:19, 2023-09-23T11:41:45, 2023-09-27T07:20:58, 2023-09-27T17:04:01, 2023-09-28T04:42:18, 2023-09-29T03:30:01, 2023-09-29T22:38:47, 2023-10-01T12:31:03, 2023-10-01T21:57:55, 2023-10-04T20:45:13, 2023-10-05T07:51:22, 2023-10-10T11:28:04, 2023-10-10T19:26:28, 2023-10-10T19:32:50, 2023-10-10T19:35:16, 2023-10-10T22:22:36, 2023-10-11T12:37:30, 2023-10-11T15:28:14, 2023-10-11T15:38:30, 2023-10-11T18:29:28]
Theodore,theodore,user-1696945763848#00018,Theodore@thinnk.com,2002-09-15,$2a$12$Wt49O4Kpy2mrmz0YftvRiuxKUJ1pxwArvCcS0Vm2t.T4JvIbk.FaC,null,Hi{&(thinkk-better-comma#1789)&} I am Theodore.,[2023-06-02T00:44:08, 2023-06-03T12:34:08, 2023-06-11T10:18:52, 2023-06-12T11:03:40, 2023-06-12T20:25:12, 2023-06-14T06:53:05, 2023-06-19T18:05:22, 2023-06-30T16:40:13, 2023-07-01T03:23:37, 2023-07-03T07:24:46, 2023-07-06T06:19:38, 2023-07-12T05:10:54, 2023-07-12T06:57:11, 2023-07-12T18:15:22, 2023-07-13T16:08:27, 2023-07-15T15:15:35, 2023-07-17T20:34:53, 2023-07-19T07:49:44, 2023-07-19T14:36:33, 2023-07-19T22:51:30, 2023-07-21T07:42:18, 2023-07-24T11:19:44, 2023-07-24T23:43:42, 2023-07-25T13:42:01, 2023-07-28T18:06:41, 2023-08-02T20:30:23, 2023-08-04T19:53:01, 2023-08-05T02:39:35, 2023-08-07T03:21:53, 2023-08-11T22:09:15, 2023-08-12T00:28:27, 2023-08-13T03:39:17, 2023-08-15T10:44:58, 2023-08-16T06:35:50, 2023-08-16T11:25:42, 2023-08-22T16:03:12, 2023-08-24T04:08:41, 2023-08-28T01:26:56, 2023-09-01T14:17:52, 2023-09-03T20:37:16, 2023-09-08T17:28:30, 2023-09-09T19:34:37, 2023-09-11T11:26:16, 2023-09-13T10:14:46, 2023-09-13T16:37:56, 2023-09-17T05:48:13, 2023-09-19T09:22:30, 2023-09-22T04:25:14, 2023-09-25T17:40:33, 2023-09-25T21:57:21, 2023-09-26T11:29:09, 2023-09-26T20:30:50, 2023-09-29T20:21:37, 2023-10-03T06:57:00, 2023-10-04T03:27:06, 2023-10-04T23:37:35, 2023-10-05T08:52:08, 2023-10-07T05:54:30, 2023-10-09T13:39:51, 2023-10-10T20:19:14, 2023-10-12T12:01:35, 2023-10-12T12:12:18, 2023-10-13T06:05:51]
Eden,eden,user-1696945764085#00019,Eden@thinnk.com,2001-01-16,$2a$12$TVRgQkzKPuqmN5GitC2OGO6dTXsmPetHoC0lov4tzZ8DQZcyuveiC,null,Hi{&(thinkk-better-comma#1789)&} I am Eden.,[2023-06-02T14:56:23, 2023-06-02T18:44:38, 2023-06-06T14:22:36, 2023-06-06T14:45:24, 2023-06-08T08:12:06, 2023-06-08T21:03:41, 2023-06-11T15:32:07, 2023-06-16T11:47:02, 2023-06-19T13:08:23, 2023-06-23T01:56:49, 2023-06-23T23:15:06, 2023-06-29T09:19:58, 2023-07-13T07:07:38, 2023-07-18T14:00:29, 2023-07-18T14:29:21, 2023-07-19T07:07:09, 2023-07-23T13:27:08, 2023-07-24T17:51:08, 2023-07-25T00:16:30, 2023-07-28T13:42:21, 2023-08-01T03:22:18, 2023-08-03T14:21:01, 2023-08-04T14:06:05, 2023-08-04T18:39:10, 2023-08-07T00:21:49, 2023-08-07T11:44:38, 2023-08-08T05:35:48, 2023-08-10T17:47:19, 2023-08-12T10:05:04, 2023-08-24T07:45:55, 2023-08-25T13:08:00, 2023-08-27T21:25:24, 2023-08-30T14:44:27, 2023-08-31T03:35:01, 2023-09-04T21:27:34, 2023-09-05T06:02:43, 2023-09-05T07:36:46, 2023-09-06T13:50:54, 2023-09-07T12:40:56, 2023-09-08T00:57:41, 2023-09-09T17:57:23, 2023-09-11T20:38:01, 2023-09-11T20:51:31, 2023-09-11T21:04:51, 2023-09-14T12:11:35, 2023-09-14T22:11:30, 2023-09-15T10:46:18, 2023-09-15T20:09:51, 2023-09-16T07:46:02, 2023-09-18T05:36:23, 2023-09-18T15:20:13, 2023-09-19T01:56:20, 2023-09-19T12:24:48, 2023-09-23T02:25:54, 2023-09-25T10:24:12, 2023-09-26T01:46:28, 2023-10-01T04:38:21, 2023-10-05T11:23:19, 2023-10-05T23:15:58, 2023-10-06T16:36:33, 2023-10-12T12:13:43]
Lucas,lucas,user-1696945764323#00020,Lucas@thinnk.com,1978-10-15,$2a$12$MzsFK0P1VvstA7zSrQkGm.IaKQrkZ4u5V0NeKbSchhtiuPlaAar9i,null,Hi{&(thinkk-better-comma#1789)&} I am Lucas.,[2023-06-02T09:56:48, 2023-06-05T10:36:57, 2023-06-05T22:32:53, 2023-06-07T23:11:21, 2023-06-07T23:47:26, 2023-06-16T22:04:11, 2023-06-18T13:30:47, 2023-06-24T17:09:44, 2023-06-26T00:00:29, 2023-06-26T03:31:42, 2023-06-27T09:15:27, 2023-06-29T20:20:44, 2023-06-30T21:14:57, 2023-07-04T05:44:34, 2023-07-07T16:06:46, 2023-07-13T01:26:15, 2023-07-13T22:06:33, 2023-07-18T21:24:00, 2023-07-19T21:40:11, 2023-07-20T01:38:20, 2023-08-01T17:55:53, 2023-08-02T04:02:38, 2023-08-02T05:51:44, 2023-08-02T10:59:49, 2023-08-05T05:47:30, 2023-08-05T11:16:30, 2023-08-06T14:50:30, 2023-08-10T16:19:49, 2023-08-16T14:06:36, 2023-08-16T22:48:29, 2023-08-17T16:43:34, 2023-08-18T23:56:08, 2023-08-23T12:15:50, 2023-08-24T06:42:09, 2023-08-25T09:52:52, 2023-08-27T22:03:45, 2023-08-28T22:44:17, 2023-09-02T19:33:38, 2023-09-02T19:51:49, 2023-09-06T06:08:13, 2023-09-06T19:46:05, 2023-09-06T20:43:38, 2023-09-07T19:44:16, 2023-09-14T01:51:36, 2023-09-19T10:10:27, 2023-09-21T09:53:46, 2023-09-22T11:47:42, 2023-09-22T15:23:00, 2023-09-24T10:24:52, 2023-09-25T18:58:01, 2023-09-27T12:44:17, 2023-09-28T04:15:48, 2023-09-29T06:24:51, 2023-09-30T17:38:38, 2023-10-01T13:56:34, 2023-10-04T10:16:51, 2023-10-04T19:11:56, 2023-10-08T14:22:36, 2023-10-09T17:35:40, 2023-10-10T03:40:10, 2023-10-11T07:57:50]
Eren,eren,user-1696945764559#00021,Eren@thinnk.com,2002-11-12,$2a$12$ArMuNRF0POH8GjD38wPfxO3ZCulNgXr.ejuHCv.82dtYSM4vFkbxG,null,Hi{&(thinkk-better-comma#1789)&} I am Eren.,[2023-06-02T07:58:52, 2023-06-04T17:58:11, 2023-06-06T13:49:21, 2023-06-09T05:03:34, 2023-06-10T14:03:59, 2023-06-11T05:17:10, 2023-06-11T23:03:59, 2023-06-11T23:33:25, 2023-06-11T23:38:54, 2023-06-17T03:13:14, 2023-06-20T03:52:24, 2023-06-23T11:09:15, 2023-06-24T03:15:35, 2023-06-25T19:39:28, 2023-06-27T03:25:48, 2023-06-28T11:35:17, 2023-06-29T08:12:46, 2023-06-30T21:41:26, 2023-07-02T02:42:35, 2023-07-02T23:32:46, 2023-07-04T04:23:01, 2023-07-04T16:24:40, 2023-07-07T05:55:28, 2023-07-10T11:38:54, 2023-07-10T22:04:52, 2023-07-12T13:31:05, 2023-07-13T03:38:17, 2023-07-13T07:44:37, 2023-07-17T02:21:43, 2023-07-20T08:35:52, 2023-07-22T12:21:43, 2023-07-24T00:19:24, 2023-07-25T19:16:35, 2023-07-26T22:50:53, 2023-07-30T15:53:57, 2023-08-02T00:21:56, 2023-08-03T04:18:09, 2023-08-07T02:43:31, 2023-08-14T23:52:05, 2023-08-23T09:42:56, 2023-08-24T11:31:55, 2023-08-24T21:42:47, 2023-08-25T15:32:15, 2023-08-26T18:17:07, 2023-08-28T02:02:40, 2023-08-29T09:28:52, 2023-08-30T16:33:04, 2023-09-03T13:49:43, 2023-09-05T02:56:43, 2023-09-05T10:30:22, 2023-09-13T17:16:59, 2023-09-18T22:32:34, 2023-09-23T03:49:45, 2023-09-23T21:57:20, 2023-09-27T23:40:21, 2023-09-29T07:01:53, 2023-09-30T01:13:37, 2023-09-30T06:12:31, 2023-10-05T16:17:21, 2023-10-08T08:11:48, 2023-10-11T18:30:44, 2023-10-13T06:50:06]
Felix,felix,user-1696945764798#00022,Felix@thinnk.com,1995-12-28,$2a$12$8XUs.S.GJ1O.PfAqm6N7f.mr24gLKB6xbgaS1cOCS6nszsER0SmJO,null,Hi{&(thinkk-better-comma#1789)&} I am Felix.,[2023-06-01T02:43:52, 2023-06-01T03:53:05, 2023-06-04T16:08:02, 2023-06-07T15:58:07, 2023-06-11T12:22:57, 2023-06-12T15:37:09, 2023-06-13T20:10:25, 2023-06-14T07:10:37, 2023-06-14T09:03:29, 2023-06-17T14:01:54, 2023-06-18T11:46:32, 2023-06-18T21:15:17, 2023-06-23T18:45:24, 2023-06-24T19:53:16, 2023-06-24T19:59:43, 2023-06-28T18:48:56, 2023-06-29T17:54:56, 2023-06-30T15:09:31, 2023-07-02T23:59:12, 2023-07-08T11:51:34, 2023-07-09T09:03:06, 2023-07-18T03:14:57, 2023-07-18T04:30:10, 2023-07-18T14:06:57, 2023-07-21T08:08:04, 2023-07-21T16:52:52, 2023-07-23T12:07:17, 2023-07-23T21:22:05, 2023-07-24T21:07:54, 2023-07-25T08:33:31, 2023-07-26T05:25:22, 2023-07-27T05:58:26, 2023-08-01T16:30:03, 2023-08-02T05:09:24, 2023-08-09T06:50:15, 2023-08-15T13:24:20, 2023-08-16T01:19:54, 2023-08-16T02:05:29, 2023-08-30T16:47:49, 2023-08-30T23:08:57, 2023-09-01T01:40:32, 2023-09-06T18:58:31, 2023-09-07T00:56:21, 2023-09-07T07:18:13, 2023-09-07T08:59:22, 2023-09-15T06:53:17, 2023-09-18T08:02:24, 2023-09-21T00:13:18, 2023-09-22T08:42:30, 2023-09-23T15:22:19, 2023-09-24T16:52:22, 2023-09-26T04:15:00, 2023-09-26T09:05:36, 2023-09-28T00:43:17, 2023-09-29T11:13:55, 2023-10-02T00:15:50, 2023-10-02T00:42:45, 2023-10-03T00:32:38, 2023-10-05T05:58:57, 2023-10-09T08:30:58, 2023-10-10T20:28:02, 2023-10-11T13:36:21, 2023-10-11T14:43:57, 2023-10-12T12:02:48, 2023-10-12T12:11:11]
Soren,soren,user-1696945765035#00023,Soren@thinnk.com,2001-08-13,$2a$12$TLJo0RwBG8WKy8M4Ld2FkOaHOo0nKOcsyWn98QrDevCtvkuRc0yKy,null,Hi{&(thinkk-better-comma#1789)&} I am Soren.,[2023-06-02T01:19:40, 2023-06-02T16:18:17, 2023-06-03T00:46:31, 2023-06-05T04:52:44, 2023-06-12T21:26:30, 2023-06-16T15:27:31, 2023-06-19T09:29:02, 2023-06-20T19:56:21, 2023-06-21T14:17:18, 2023-06-24T19:09:01, 2023-06-26T12:56:25, 2023-06-27T00:55:19, 2023-06-28T01:05:30, 2023-06-29T13:21:59, 2023-07-01T06:07:04, 2023-07-04T09:49:01, 2023-07-05T20:25:12, 2023-07-07T16:55:26, 2023-07-08T01:56:02, 2023-07-08T15:33:56, 2023-07-09T11:35:18, 2023-07-19T14:01:22, 2023-07-21T11:55:05, 2023-07-27T16:26:28, 2023-07-29T02:55:18, 2023-07-30T23:44:24, 2023-07-31T05:07:18, 2023-08-03T21:45:15, 2023-08-09T09:02:17, 2023-08-12T23:21:01, 2023-08-13T22:33:14, 2023-08-15T08:22:29, 2023-08-15T12:24:54, 2023-08-16T23:17:06, 2023-08-19T03:30:28, 2023-08-20T21:32:57, 2023-08-23T15:05:02, 2023-08-26T06:36:33, 2023-08-26T06:46:34, 2023-08-28T13:22:04, 2023-08-29T17:38:43, 2023-08-31T12:10:41, 2023-09-01T08:45:56, 2023-09-02T16:27:24, 2023-09-07T22:59:32, 2023-09-07T23:05:11, 2023-09-09T04:20:28, 2023-09-10T21:13:23, 2023-09-11T16:03:07, 2023-09-11T20:46:03, 2023-09-14T22:55:11, 2023-09-16T21:25:22, 2023-09-20T01:57:02, 2023-09-21T03:11:14, 2023-09-24T13:34:59, 2023-10-02T10:41:32, 2023-10-02T21:47:44, 2023-10-03T03:52:21, 2023-10-07T12:28:07, 2023-10-10T11:53:49, 2023-10-11T18:31:38, 2023-10-12T12:14:04, 2023-10-13T06:50:44]
Noah,noah,user-1696945765277#00024,Noah@thinnk.com,1976-10-13,$2a$12$LDOhIjtvDK3cw3B3o7ojve7Y6HILT2EfAWBzGL32PVNjz9iLaUBZ.,null,Hi{&(thinkk-better-comma#1789)&} I am Noah.,[2023-06-03T18:55:41, 2023-06-09T13:38:03, 2023-06-15T17:33:11, 2023-06-16T11:01:27, 2023-06-18T08:41:13, 2023-06-23T06:45:01, 2023-06-23T13:04:46, 2023-06-23T13:20:24, 2023-06-24T22:19:49, 2023-06-26T04:01:52, 2023-06-27T10:17:46, 2023-07-02T04:12:04, 2023-07-03T05:40:27, 2023-07-06T22:30:44, 2023-07-08T08:31:33, 2023-07-10T16:23:43, 2023-07-12T01:52:32, 2023-07-12T07:27:06, 2023-07-13T02:24:17, 2023-07-13T07:19:04, 2023-07-13T07:22:16, 2023-07-14T01:44:21, 2023-07-16T01:33:52, 2023-07-17T01:38:15, 2023-07-17T07:20:38, 2023-07-17T22:30:19, 2023-07-18T12:51:32, 2023-07-18T16:09:35, 2023-07-22T11:00:47, 2023-07-26T13:49:10, 2023-07-30T02:05:56, 2023-07-30T05:00:39, 2023-08-02T01:43:00, 2023-08-02T03:45:31, 2023-08-05T22:31:41, 2023-08-07T06:21:03, 2023-08-07T09:56:30, 2023-08-15T01:46:15, 2023-08-15T09:00:41, 2023-08-19T02:47:04, 2023-08-19T18:17:43, 2023-08-26T07:02:20, 2023-09-02T21:44:49, 2023-09-03T19:31:30, 2023-09-04T12:19:56, 2023-09-04T21:03:12, 2023-09-05T04:40:12, 2023-09-06T21:09:06, 2023-09-10T07:02:14, 2023-09-19T16:13:24, 2023-09-22T11:06:27, 2023-09-22T13:51:14, 2023-09-25T06:19:38, 2023-09-26T10:31:55, 2023-09-27T14:51:14, 2023-09-28T13:47:56, 2023-10-01T11:35:26, 2023-10-08T01:38:14, 2023-10-08T21:46:11, 2023-10-10T04:52:10, 2023-10-13T06:49:21]
Samuel,samuel,user-1696945765518#00025,Samuel@thinnk.com,1994-09-09,$2a$12$rA1xMat7Nra.VKNwpoK7AOAqxeMfOebZ9VSfhXFjFu4SHZ2QQUyZC,jpeg,Hi{&(thinkk-better-comma#1789)&} I am Samuel.,[2023-06-02T18:24:19, 2023-06-02T21:56:45, 2023-06-08T09:12:16, 2023-06-08T19:51:45, 2023-06-12T16:06:50, 2023-06-17T07:54:21, 2023-06-22T16:06:20, 2023-06-23T05:05:21, 2023-06-24T03:32:47, 2023-06-25T03:27:41, 2023-06-26T02:00:57, 2023-06-26T09:09:21, 2023-06-27T13:21:41, 2023-06-27T22:01:39, 2023-06-30T02:30:01, 2023-07-02T00:15:48, 2023-07-04T09:17:09, 2023-07-04T19:54:41, 2023-07-07T06:57:36, 2023-07-07T17:59:47, 2023-07-08T01:16:37, 2023-07-14T15:35:38, 2023-07-18T00:35:02, 2023-07-20T00:41:46, 2023-07-22T16:55:59, 2023-07-23T19:37:08, 2023-07-24T10:38:22, 2023-07-25T07:01:16, 2023-08-02T01:27:02, 2023-08-03T10:07:22, 2023-08-06T19:01:23, 2023-08-11T19:45:17, 2023-08-13T14:28:37, 2023-08-13T17:47:17, 2023-08-22T04:45:51, 2023-08-24T11:18:36, 2023-08-25T12:07:16, 2023-08-27T09:28:54, 2023-08-29T02:59:33, 2023-08-30T07:49:03, 2023-09-02T04:33:01, 2023-09-03T01:13:29, 2023-09-04T15:28:54, 2023-09-05T18:41:34, 2023-09-06T01:15:46, 2023-09-13T10:30:21, 2023-09-13T14:13:29, 2023-09-15T16:02:14, 2023-09-15T18:01:41, 2023-09-15T21:57:15, 2023-09-18T02:10:33, 2023-09-19T19:42:01, 2023-09-20T06:18:16, 2023-09-20T09:34:00, 2023-09-29T09:47:56, 2023-09-30T03:04:58, 2023-10-02T22:45:11, 2023-10-04T08:13:10, 2023-10-07T22:17:50, 2023-10-08T01:15:26, 2023-10-10T20:58:23, 2023-10-10T21:50:43, 2023-10-11T04:10:05, 2023-10-11T11:17:48, 2023-10-11T11:39:28, 2023-10-11T12:09:34, 2023-10-11T21:00:05, 2023-10-11T21:01:05, 2023-10-11T21:05:57, 2023-10-11T21:06:37, 2023-10-11T21:07:20, 2023-10-12T12:03:09, 2023-10-12T12:12:46, 2023-10-13T03:40:49, 2023-10-13T03:44:39, 2023-10-13T06:48:23]
Ethan,ethan,user-1696945765758#00026,Ethan@thinnk.com,1975-01-24,$2a$12$mcVB.VRBKOLnr5dZXtAvouhHmoQnO7gjak2smb2UoCUppI3J9uHPi,null,Hi{&(thinkk-better-comma#1789)&} I am Ethan.,[2023-06-03T06:44:53, 2023-06-11T18:51:17, 2023-06-13T03:41:42, 2023-06-13T21:07:24, 2023-06-15T19:33:55, 2023-06-16T06:25:58, 2023-06-18T06:21:05, 2023-06-18T21:05:24, 2023-06-18T22:59:57, 2023-06-20T23:39:59, 2023-06-21T04:15:33, 2023-06-22T02:00:12, 2023-06-22T10:53:46, 2023-06-23T11:56:16, 2023-06-23T18:14:32, 2023-06-25T18:05:14, 2023-06-27T20:55:52, 2023-07-01T18:33:29, 2023-07-02T13:57:35, 2023-07-02T19:18:27, 2023-07-04T09:16:13, 2023-07-10T22:19:51, 2023-07-11T18:03:21, 2023-07-13T09:26:56, 2023-07-15T15:09:04, 2023-07-20T20:23:37, 2023-07-21T01:13:31, 2023-07-21T15:26:32, 2023-07-23T05:43:45, 2023-07-23T06:49:30, 2023-07-23T17:37:25, 2023-07-26T13:36:29, 2023-07-30T16:59:02, 2023-07-31T14:26:49, 2023-08-08T01:36:14, 2023-08-08T18:57:33, 2023-08-09T22:50:52, 2023-08-11T02:03:21, 2023-08-12T00:35:04, 2023-08-13T23:50:14, 2023-08-19T06:14:21, 2023-08-19T16:01:27, 2023-08-22T07:08:48, 2023-08-24T02:01:54, 2023-08-28T03:39:24, 2023-08-30T22:04:34, 2023-08-31T22:09:19, 2023-08-31T23:19:08, 2023-09-03T01:34:14, 2023-09-07T10:31:24, 2023-09-08T21:09:11, 2023-09-12T03:00:20, 2023-09-12T08:23:18, 2023-09-16T22:08:24, 2023-09-17T07:39:35, 2023-09-18T18:57:33, 2023-09-21T05:27:10, 2023-09-26T13:40:57, 2023-10-01T09:14:08, 2023-10-07T00:12:26, 2023-10-12T12:05:10]
Aiden,aiden,user-1696945765992#00027,Aiden@thinnk.com,1971-04-09,$2a$12$rlIT/kAqod0mX1fZCaEmYu2cE0v3JbbvXxxAKP.TYIg0rhisEsD3m,null,Hi{&(thinkk-better-comma#1789)&} I am Aiden.,[2023-06-02T14:57:36, 2023-06-07T08:49:20, 2023-06-07T10:00:26, 2023-06-11T12:44:05, 2023-06-13T19:05:55, 2023-06-15T11:53:25, 2023-06-15T16:17:54, 2023-06-16T13:28:07, 2023-06-19T12:44:38, 2023-06-22T02:40:43, 2023-06-23T12:01:11, 2023-06-25T06:36:46, 2023-06-25T10:22:32, 2023-06-27T11:46:35, 2023-06-30T12:56:25, 2023-07-04T13:38:29, 2023-07-06T05:48:45, 2023-07-08T12:21:15, 2023-07-09T23:53:39, 2023-07-11T07:19:44, 2023-07-14T01:07:43, 2023-07-14T19:18:13, 2023-07-15T02:54:48, 2023-07-15T16:24:57, 2023-07-22T18:38:41, 2023-07-23T11:16:41, 2023-07-25T09:02:34, 2023-07-28T09:38:48, 2023-08-01T02:17:17, 2023-08-06T12:57:20, 2023-08-12T22:56:57, 2023-08-15T17:33:40, 2023-08-17T10:02:43, 2023-08-21T11:45:11, 2023-08-26T20:54:23, 2023-08-27T18:42:43, 2023-08-29T02:28:28, 2023-08-29T06:54:55, 2023-08-29T16:15:15, 2023-08-30T16:43:13, 2023-09-01T18:17:02, 2023-09-02T07:45:45, 2023-09-03T10:43:57, 2023-09-03T15:33:16, 2023-09-04T18:14:34, 2023-09-06T20:25:53, 2023-09-06T23:50:47, 2023-09-13T13:34:39, 2023-09-20T08:18:29, 2023-09-20T09:02:22, 2023-09-25T16:13:29, 2023-09-29T09:18:57, 2023-09-30T16:11:31, 2023-10-03T01:49:55, 2023-10-03T20:37:37, 2023-10-07T08:37:10, 2023-10-07T14:51:30, 2023-10-08T01:08:43, 2023-10-09T21:33:40, 2023-10-10T13:33:14, 2023-10-12T12:03:21]
Dylan,dylan,user-1696945766230#00028,Dylan@thinnk.com,1973-06-11,$2a$12$urC/W6JEGpZUB/aKYx6klesmszFP4VKx2D/ze6j3RbbBBezd8GMUS,null,Hi{&(thinkk-better-comma#1789)&} I am Dylan.,[2023-06-02T23:49:14, 2023-06-03T03:12:48, 2023-06-05T09:43:26, 2023-06-08T08:42:42, 2023-06-14T19:12:51, 2023-06-15T01:51:09, 2023-06-16T23:22:53, 2023-06-18T01:00:05, 2023-06-20T06:57:22, 2023-06-23T05:44:31, 2023-06-26T03:18:24, 2023-07-02T11:22:40, 2023-07-05T12:37:54, 2023-07-06T12:20:23, 2023-07-11T08:19:27, 2023-07-12T10:27:16, 2023-07-16T17:01:10, 2023-07-16T19:58:05, 2023-07-17T18:06:21, 2023-07-19T03:04:02, 2023-07-20T07:01:56, 2023-07-21T14:33:20, 2023-07-25T06:36:46, 2023-07-25T21:30:14, 2023-07-27T13:08:48, 2023-07-28T22:37:47, 2023-07-31T01:31:52, 2023-08-02T13:12:30, 2023-08-04T08:19:00, 2023-08-07T00:24:09, 2023-08-17T14:31:50, 2023-08-18T00:12:54, 2023-08-19T05:25:25, 2023-08-19T10:43:15, 2023-08-20T04:28:14, 2023-08-20T05:19:47, 2023-08-20T07:33:06, 2023-08-23T14:34:04, 2023-08-24T01:50:49, 2023-08-29T04:11:33, 2023-08-30T06:25:11, 2023-09-03T02:15:11, 2023-09-04T08:55:06, 2023-09-04T15:15:07, 2023-09-06T22:46:58, 2023-09-17T07:01:06, 2023-09-18T02:08:04, 2023-09-19T06:48:23, 2023-09-20T17:47:13, 2023-09-21T18:30:36, 2023-09-23T23:52:34, 2023-09-27T10:07:43, 2023-09-27T14:03:22, 2023-09-29T05:44:38, 2023-09-29T18:16:46, 2023-09-30T05:51:05, 2023-09-30T09:20:18, 2023-10-02T14:31:43, 2023-10-03T11:05:48, 2023-10-10T16:51:38]
Chloe,chloe,user-1696945766465#00029,Chloe@thinnk.com,1981-08-21,$2a$12$eJtX6K1z15k3K04bp.DLSe/5jk78s427mjJGk/ca3OSltj0y2msOe,jpeg,Hi{&(thinkk-better-comma#1789)&} I am Chloe.,[2023-06-03T06:02:21, 2023-06-07T14:16:08, 2023-06-08T21:27:16, 2023-06-11T10:57:37, 2023-06-12T20:05:37, 2023-06-13T06:27:58, 2023-06-16T22:14:50, 2023-06-18T02:56:58, 2023-06-18T18:36:31, 2023-06-23T10:24:11, 2023-06-23T18:55:09, 2023-06-24T11:29:11, 2023-06-28T13:29:25, 2023-06-29T04:23:09, 2023-07-04T03:47:04, 2023-07-05T10:11:43, 2023-07-07T05:40:48, 2023-07-08T01:41:57, 2023-07-08T11:58:39, 2023-07-09T17:01:15, 2023-07-10T08:00:17, 2023-07-10T18:03:42, 2023-07-16T07:06:56, 2023-07-17T02:13:32, 2023-07-22T22:29:47, 2023-07-24T14:25:23, 2023-07-26T21:14:01, 2023-07-28T07:41:49, 2023-07-31T21:48:33, 2023-08-07T05:26:23, 2023-08-16T07:44:15, 2023-08-17T00:17:29, 2023-08-17T01:47:10, 2023-08-18T20:55:48, 2023-08-20T01:19:04, 2023-08-22T23:23:38, 2023-08-24T03:31:18, 2023-08-24T17:02:23, 2023-08-26T18:50:15, 2023-08-27T13:30:16, 2023-08-27T21:36:40, 2023-08-31T04:45:08, 2023-09-01T09:16:36, 2023-09-01T14:27:36, 2023-09-01T21:44:12, 2023-09-03T09:28:01, 2023-09-03T11:00:47, 2023-09-04T00:53:38, 2023-09-04T19:17:59, 2023-09-08T12:32:59, 2023-09-10T04:31:37, 2023-09-12T15:54:52, 2023-09-14T06:53:27, 2023-09-14T08:54:15, 2023-09-16T11:22:52, 2023-09-18T06:32:50, 2023-09-23T23:44:42, 2023-09-25T00:10:14, 2023-10-03T01:20:17, 2023-10-08T13:08:05, 2023-10-11T12:45:00]
Gianna,gianna,user-1696945766707#00030,Gianna@thinnk.com,2005-09-28,$2a$12$EFPTKuJ/FT/JDu68rSsNTe5Sa2Hos.Ros8jPegpBqoJXhFZXqWugK,null,Hi{&(thinkk-better-comma#1789)&} I am Gianna.,[2023-06-01T00:24:16, 2023-06-01T21:26:34, 2023-06-04T02:03:57, 2023-06-04T03:08:49, 2023-06-05T01:41:20, 2023-06-10T00:08:26, 2023-06-11T04:41:04, 2023-06-12T19:29:28, 2023-06-12T22:10:52, 2023-06-15T09:14:00, 2023-06-23T08:48:05, 2023-06-25T07:12:01, 2023-06-26T20:04:11, 2023-06-26T20:24:07, 2023-06-27T02:36:54, 2023-06-27T23:02:42, 2023-06-29T06:15:54, 2023-07-02T05:00:41, 2023-07-03T17:43:53, 2023-07-08T12:07:31, 2023-07-10T09:36:13, 2023-07-13T20:37:08, 2023-07-13T21:35:03, 2023-07-17T00:11:03, 2023-07-17T17:12:56, 2023-07-17T18:33:17, 2023-07-18T08:33:22, 2023-07-18T13:45:27, 2023-07-24T14:13:09, 2023-07-28T15:39:26, 2023-07-28T19:44:11, 2023-08-03T01:04:14, 2023-08-12T18:31:42, 2023-08-16T08:52:59, 2023-08-17T04:41:13, 2023-08-18T11:33:57, 2023-08-18T22:08:43, 2023-08-20T18:25:38, 2023-08-21T12:42:17, 2023-08-25T04:13:23, 2023-08-27T08:48:07, 2023-08-28T05:09:55, 2023-08-28T11:59:00, 2023-08-30T18:55:37, 2023-08-30T23:17:43, 2023-09-08T00:17:57, 2023-09-08T20:31:52, 2023-09-08T21:23:54, 2023-09-09T16:36:38, 2023-09-11T19:53:18, 2023-09-15T12:05:56, 2023-09-17T22:26:02, 2023-09-23T13:16:18, 2023-09-23T16:44:52, 2023-09-24T04:47:20, 2023-09-26T18:54:32, 2023-10-03T21:42:15, 2023-10-05T00:31:23, 2023-10-08T17:27:17, 2023-10-08T23:47:45, 2023-10-11T18:32:31]
Abigail,abigail,user-1696945766944#00031,Abigail@thinnk.com,1982-10-19,$2a$12$7FClhx79MY1aO34vtYpM1eKmb6.XG7aDOM19VnNNUf2sPUmDUnQCC,null,Hi{&(thinkk-better-comma#1789)&} I am Abigail.,[2023-06-08T08:24:38, 2023-06-08T14:54:17, 2023-06-08T15:58:01, 2023-06-10T01:00:26, 2023-06-11T06:14:45, 2023-06-11T14:14:09, 2023-06-11T17:10:19, 2023-06-13T22:33:04, 2023-06-16T20:10:23, 2023-06-18T03:23:10, 2023-06-24T06:34:45, 2023-06-27T10:33:53, 2023-06-27T14:47:25, 2023-07-10T09:53:19, 2023-07-12T06:40:57, 2023-07-15T18:05:39, 2023-07-17T01:44:10, 2023-07-19T12:02:18, 2023-07-19T14:33:06, 2023-07-25T15:21:28, 2023-07-26T06:01:05, 2023-07-27T09:11:59, 2023-07-29T07:41:20, 2023-07-30T08:49:18, 2023-07-30T23:45:00, 2023-08-04T15:38:41, 2023-08-05T01:37:43, 2023-08-05T01:53:02, 2023-08-05T14:31:18, 2023-08-13T09:14:52, 2023-08-13T23:29:57, 2023-08-17T19:54:43, 2023-08-18T22:41:09, 2023-08-20T08:24:56, 2023-08-23T07:21:41, 2023-08-24T08:52:55, 2023-08-26T05:33:26, 2023-08-28T23:48:42, 2023-08-31T17:38:35, 2023-09-03T12:19:27, 2023-09-06T02:53:22, 2023-09-07T14:37:39, 2023-09-13T04:17:48, 2023-09-15T07:55:21, 2023-09-18T01:10:46, 2023-09-18T03:09:49, 2023-09-18T07:22:17, 2023-09-18T11:45:27, 2023-09-21T01:08:35, 2023-09-22T05:59:42, 2023-09-22T09:37:44, 2023-09-24T05:44:35, 2023-09-24T08:32:31, 2023-09-24T09:12:12, 2023-09-24T12:19:19, 2023-09-26T00:59:22, 2023-09-27T17:40:58, 2023-09-27T23:16:01, 2023-10-02T22:01:38, 2023-10-05T03:09:26, 2023-10-11T21:01:03, 2023-10-12T04:06:57, 2023-10-13T00:57:02, 2023-10-13T03:43:30, 2023-10-13T05:17:43, 2023-10-13T05:35:27, 2023-10-13T05:49:00, 2023-10-13T05:50:45]
Hazel,hazel,user-1696945767183#00032,Hazel@thinnk.com,1996-05-20,$2a$12$Crg9WEQDyn6OptPXBNqTb.hW/GcvKOjhHwxRAym1W27UbdESocLtS,null,Hi{&(thinkk-better-comma#1789)&} I am Hazel.,[2023-06-15T02:37:05, 2023-06-18T22:54:10, 2023-06-19T06:13:25, 2023-06-21T12:00:10, 2023-06-22T08:30:35, 2023-06-22T08:43:02, 2023-06-22T17:05:46, 2023-06-25T06:57:30, 2023-06-25T13:33:50, 2023-06-28T20:38:17, 2023-07-02T10:52:46, 2023-07-06T03:48:17, 2023-07-06T13:27:14, 2023-07-08T13:33:59, 2023-07-11T10:15:13, 2023-07-13T20:01:10, 2023-07-15T15:28:26, 2023-07-17T00:10:33, 2023-07-18T10:31:10, 2023-07-18T21:42:00, 2023-07-22T12:23:43, 2023-07-28T15:09:32, 2023-07-28T23:17:02, 2023-08-02T09:30:39, 2023-08-02T16:28:12, 2023-08-03T22:18:45, 2023-08-04T00:40:56, 2023-08-06T05:33:20, 2023-08-07T03:40:01, 2023-08-12T14:21:21, 2023-08-14T17:47:21, 2023-08-19T05:33:12, 2023-08-21T05:05:02, 2023-08-21T11:37:18, 2023-08-21T23:29:57, 2023-08-22T15:39:43, 2023-08-25T06:14:47, 2023-08-26T07:47:35, 2023-08-28T13:41:18, 2023-08-31T04:19:01, 2023-09-05T23:48:07, 2023-09-07T16:17:48, 2023-09-08T08:05:23, 2023-09-08T12:56:29, 2023-09-10T11:48:01, 2023-09-11T08:36:27, 2023-09-14T21:47:25, 2023-09-17T05:05:31, 2023-09-18T13:55:41, 2023-09-19T04:42:43, 2023-09-21T14:05:49, 2023-09-22T17:40:03, 2023-09-23T07:18:43, 2023-09-25T19:22:43, 2023-09-27T12:47:06, 2023-10-01T09:06:12, 2023-10-05T02:57:52, 2023-10-05T13:53:44, 2023-10-05T19:09:55, 2023-10-09T14:23:02, 2023-10-11T15:58:07, 2023-10-11T15:59:24, 2023-10-11T16:02:18, 2023-10-11T16:03:41, 2023-10-11T18:34:50]
Nora,nora,user-1696945767421#00033,Nora@thinnk.com,1977-04-27,$2a$12$S2gdv.cZ.XwpC11ieBwvbeU/uFMQxQU14CdfEDLydXQhauVEaxY7i,null,Hi{&(thinkk-better-comma#1789)&} I am Nora.,[2023-06-01T03:31:19, 2023-06-02T13:40:38, 2023-06-02T20:19:20, 2023-06-08T09:27:02, 2023-06-09T10:54:39, 2023-06-10T16:27:49, 2023-06-11T12:27:03, 2023-06-14T00:11:00, 2023-06-15T09:59:06, 2023-06-15T19:32:06, 2023-06-17T20:51:22, 2023-06-18T18:16:12, 2023-06-20T22:04:44, 2023-06-22T22:34:29, 2023-06-23T04:16:28, 2023-06-24T17:30:14, 2023-06-24T20:03:01, 2023-06-28T17:31:19, 2023-06-28T21:07:41, 2023-06-29T08:20:31, 2023-06-30T01:34:00, 2023-07-01T05:42:39, 2023-07-06T11:37:59, 2023-07-09T10:09:10, 2023-07-15T09:35:27, 2023-07-16T11:10:28, 2023-07-17T11:17:36, 2023-07-18T07:06:03, 2023-07-21T08:06:01, 2023-07-22T03:44:01, 2023-07-24T04:42:17, 2023-07-25T01:25:57, 2023-08-01T16:57:09, 2023-08-01T23:44:19, 2023-08-05T11:06:40, 2023-08-08T19:26:07, 2023-08-15T18:42:11, 2023-08-15T21:43:26, 2023-08-18T10:54:37, 2023-08-20T15:06:11, 2023-08-22T21:44:36, 2023-08-25T15:33:07, 2023-08-26T23:04:07, 2023-08-27T16:25:10, 2023-09-01T07:27:27, 2023-09-04T21:20:03, 2023-09-05T17:15:01, 2023-09-06T18:15:43, 2023-09-07T01:02:08, 2023-09-11T06:30:51, 2023-09-14T06:46:11, 2023-09-15T10:27:24, 2023-09-16T22:18:45, 2023-09-17T20:41:27, 2023-09-18T09:09:24, 2023-09-26T21:24:05, 2023-10-01T20:23:29, 2023-10-03T02:11:44, 2023-10-04T06:50:04, 2023-10-07T06:53:13, 2023-10-10T18:31:57, 2023-10-10T19:13:28, 2023-10-11T03:13:48, 2023-10-11T07:02:08, 2023-10-11T07:25:52, 2023-10-11T07:39:05, 2023-10-11T18:15:53, 2023-10-11T18:42:03, 2023-10-11T18:44:46, 2023-10-11T18:46:24, 2023-10-12T06:30:38, 2023-10-12T12:06:37, 2023-10-13T05:10:33, 2023-10-13T05:16:07, 2023-10-13T06:25:11, 2023-10-13T06:35:31]
Layla,layla,user-1696945767677#00034,Layla@thinnk.com,2004-09-20,$2a$12$PkR5m.d.MwPocQGuBqvvuOW8DLLQZdacwBAq3UBwyQ6HkaHVJQvSu,null,Hi{&(thinkk-better-comma#1789)&} I am Layla.,[2023-06-08T10:26:22, 2023-06-10T01:19:33, 2023-06-10T13:58:35, 2023-06-16T01:53:28, 2023-06-16T04:18:38, 2023-06-16T17:58:09, 2023-06-16T19:30:30, 2023-06-18T01:03:36, 2023-06-18T13:47:15, 2023-06-23T05:33:40, 2023-06-25T08:20:18, 2023-06-26T13:36:41, 2023-06-27T02:58:44, 2023-06-27T20:54:31, 2023-06-30T03:17:11, 2023-07-03T14:44:57, 2023-07-06T15:15:32, 2023-07-07T02:45:02, 2023-07-08T07:01:12, 2023-07-11T16:01:09, 2023-07-13T16:10:29, 2023-07-19T21:09:15, 2023-07-20T08:07:28, 2023-07-22T15:29:54, 2023-07-26T19:16:49, 2023-07-27T14:56:54, 2023-07-28T15:17:59, 2023-07-28T15:28:27, 2023-07-30T03:31:02, 2023-08-05T11:02:52, 2023-08-10T19:58:31, 2023-08-14T08:31:54, 2023-08-14T20:21:24, 2023-08-14T22:57:44, 2023-08-19T00:50:27, 2023-08-25T11:09:44, 2023-08-31T09:47:33, 2023-08-31T21:09:40, 2023-09-02T05:33:47, 2023-09-04T02:09:41, 2023-09-05T19:26:57, 2023-09-06T06:06:38, 2023-09-09T01:08:33, 2023-09-09T06:56:03, 2023-09-10T10:49:49, 2023-09-19T01:40:59, 2023-09-19T04:53:24, 2023-09-21T10:29:20, 2023-09-21T10:41:33, 2023-09-21T21:36:09, 2023-09-22T20:34:26, 2023-09-22T23:51:27, 2023-09-26T14:33:49, 2023-09-27T09:17:22, 2023-09-28T16:11:43, 2023-09-29T18:57:06, 2023-09-30T07:32:55, 2023-09-30T23:27:59, 2023-10-01T02:46:26, 2023-10-02T20:01:13, 2023-10-10T18:40:06, 2023-10-10T18:42:30, 2023-10-10T18:51:39, 2023-10-10T19:28:06, 2023-10-10T22:24:02, 2023-10-11T08:35:33, 2023-10-11T15:52:43, 2023-10-11T18:35:51, 2023-10-12T12:05:54, 2023-10-13T06:29:49, 2023-10-13T06:34:44]
Aurora,aurora,user-1696945767915#00035,Aurora@thinnk.com,2000-02-23,$2a$12$.3mhddeMso1vSFAblMuMuenS9InGkWtRYbRFmgKrkQxhh780K1F6m,null,Hi{&(thinkk-better-comma#1789)&} I am Aurora.,[2023-06-01T06:12:55, 2023-06-01T08:00:56, 2023-06-01T16:49:59, 2023-06-02T04:18:44, 2023-06-06T07:20:27, 2023-06-10T20:59:51, 2023-06-11T18:40:28, 2023-06-17T02:48:58, 2023-06-18T21:39:06, 2023-06-20T22:11:40, 2023-06-21T03:36:51, 2023-06-25T09:56:43, 2023-06-29T02:25:40, 2023-06-30T01:03:47, 2023-07-01T03:08:22, 2023-07-01T23:55:21, 2023-07-02T04:49:20, 2023-07-08T01:43:50, 2023-07-10T16:15:09, 2023-07-10T21:52:39, 2023-07-12T19:47:12, 2023-07-17T04:59:24, 2023-07-22T01:14:21, 2023-07-28T06:31:44, 2023-07-29T04:14:10, 2023-07-29T07:24:22, 2023-07-30T22:54:41, 2023-07-31T19:16:31, 2023-08-05T06:38:13, 2023-08-05T23:22:42, 2023-08-12T19:01:32, 2023-08-14T17:54:53, 2023-08-16T04:43:29, 2023-08-18T12:28:37, 2023-08-19T02:12:54, 2023-08-22T09:20:29, 2023-08-22T17:23:22, 2023-08-24T00:28:09, 2023-08-30T11:59:37, 2023-09-04T15:46:00, 2023-09-09T04:31:34, 2023-09-10T09:02:17, 2023-09-11T06:44:23, 2023-09-11T16:13:07, 2023-09-13T20:01:33, 2023-09-14T01:38:41, 2023-09-14T17:20:42, 2023-09-17T07:41:22, 2023-09-17T16:04:56, 2023-09-19T11:22:11, 2023-09-20T13:35:55, 2023-09-23T02:14:15, 2023-09-26T06:23:20, 2023-09-27T17:59:34, 2023-09-30T20:24:37, 2023-10-01T00:13:04, 2023-10-03T10:36:05, 2023-10-06T22:44:31, 2023-10-08T03:46:25, 2023-10-10T03:26:53]
Grace,grace,user-1696945768154#00036,Grace@thinnk.com,1993-08-13,$2a$12$WAnAeepresRIAgbG2OwWUuMD8U2YDUTm3uX8qVbAXYg.ZMJMdSSqq,null,Hi{&(thinkk-better-comma#1789)&} I am Grace.,[2023-06-01T05:07:07, 2023-06-02T07:25:05, 2023-06-02T09:35:21, 2023-06-03T09:45:29, 2023-06-04T09:14:45, 2023-06-05T04:30:13, 2023-06-06T14:40:09, 2023-06-07T10:56:22, 2023-06-11T16:24:42, 2023-06-16T11:55:26, 2023-06-16T14:57:07, 2023-06-17T14:07:57, 2023-06-21T00:45:26, 2023-06-21T04:51:50, 2023-06-22T10:20:55, 2023-06-23T08:17:25, 2023-06-26T11:04:38, 2023-06-29T18:12:42, 2023-07-01T11:11:49, 2023-07-07T08:59:06, 2023-07-14T12:58:28, 2023-07-20T00:16:28, 2023-07-23T02:41:05, 2023-07-23T02:44:56, 2023-07-24T14:40:06, 2023-07-28T16:05:16, 2023-07-31T11:24:27, 2023-08-01T08:01:32, 2023-08-03T22:38:33, 2023-08-04T13:21:44, 2023-08-05T11:04:22, 2023-08-06T23:51:39, 2023-08-07T15:12:58, 2023-08-07T18:11:12, 2023-08-08T05:12:54, 2023-08-25T01:53:30, 2023-08-27T16:39:27, 2023-08-28T12:39:17, 2023-08-29T11:08:48, 2023-08-31T12:05:56, 2023-09-02T20:19:42, 2023-09-05T18:26:08, 2023-09-07T03:22:25, 2023-09-08T10:30:53, 2023-09-19T18:07:57, 2023-09-20T09:56:01, 2023-09-22T01:18:21, 2023-09-23T07:57:35, 2023-09-23T13:45:59, 2023-09-28T03:09:32, 2023-09-28T17:46:13, 2023-09-30T03:04:45, 2023-10-01T11:58:53, 2023-10-01T12:24:47, 2023-10-01T15:38:28, 2023-10-01T21:32:37, 2023-10-04T14:40:06, 2023-10-07T01:30:22, 2023-10-09T08:02:57, 2023-10-09T12:46:09, 2023-10-10T19:06:14, 2023-10-10T19:31:35, 2023-10-11T07:33:09, 2023-10-11T19:07:33, 2023-10-11T20:01:07, 2023-10-11T20:04:20, 2023-10-11T20:06:01, 2023-10-11T20:07:02, 2023-10-11T20:09:04, 2023-10-11T20:54:50, 2023-10-12T04:06:07, 2023-10-12T04:08:19, 2023-10-12T05:30:29, 2023-10-12T05:33:21, 2023-10-12T05:34:06, 2023-10-12T10:27:59, 2023-10-12T12:29:34, 2023-10-12T12:14:32]
Isla,isla,user-1696945768393#00037,Isla@thinnk.com,1982-01-10,$2a$12$psOENUerHi7QHU8S8pl0j.bCodLSiRXa4uX6pCVA910Ev5nLBeej2,null,Hi{&(thinkk-better-comma#1789)&} I am Isla.,[2023-06-03T23:55:49, 2023-06-04T08:47:14, 2023-06-07T22:35:28, 2023-06-08T13:39:14, 2023-06-09T22:47:16, 2023-06-10T22:34:09, 2023-06-11T22:40:41, 2023-06-12T05:54:59, 2023-06-14T21:12:29, 2023-06-18T00:29:54, 2023-06-19T02:55:23, 2023-06-21T03:25:48, 2023-06-29T02:57:20, 2023-07-03T16:23:11, 2023-07-04T23:17:21, 2023-07-06T06:05:20, 2023-07-07T14:37:53, 2023-07-09T11:49:06, 2023-07-10T10:09:32, 2023-07-11T07:46:44, 2023-07-12T02:45:49, 2023-07-12T08:53:57, 2023-07-14T07:40:33, 2023-07-18T12:26:19, 2023-07-22T07:44:55, 2023-07-24T03:06:45, 2023-07-29T00:34:20, 2023-07-31T06:10:53, 2023-08-09T19:16:05, 2023-08-09T19:55:08, 2023-08-10T07:51:46, 2023-08-11T16:28:47, 2023-08-11T19:03:48, 2023-08-14T02:21:12, 2023-08-14T18:15:27, 2023-08-14T20:31:35, 2023-08-17T10:22:51, 2023-08-19T11:26:56, 2023-08-20T05:03:45, 2023-08-22T21:36:24, 2023-08-24T00:27:15, 2023-08-24T06:00:30, 2023-08-24T15:06:49, 2023-08-27T13:40:08, 2023-08-30T03:40:24, 2023-09-02T07:45:04, 2023-09-03T08:08:53, 2023-09-04T07:43:15, 2023-09-04T17:51:56, 2023-09-07T04:00:53, 2023-09-12T10:38:52, 2023-09-15T12:15:02, 2023-09-16T14:50:58, 2023-09-18T01:36:11, 2023-09-18T15:42:57, 2023-09-21T13:58:32, 2023-09-24T04:23:20, 2023-09-26T20:51:32, 2023-10-08T19:40:47, 2023-10-10T13:12:32, 2023-10-10T14:56:03, 2023-10-10T18:35:03, 2023-10-10T18:40:55, 2023-10-10T19:05:16, 2023-10-10T19:31:52, 2023-10-10T22:25:21, 2023-10-11T03:15:32, 2023-10-11T07:10:06, 2023-10-11T07:41:33, 2023-10-11T07:49:56, 2023-10-11T15:49:14, 2023-10-11T16:09:47, 2023-10-11T16:51:18, 2023-10-11T16:52:26, 2023-10-11T16:53:38, 2023-10-11T18:16:26, 2023-10-12T12:15:22]
Stella,stella,user-1696945768631#00038,Stella@thinnk.com,1989-02-05,$2a$12$H0q20.7ek/22S2EG1HPfQeYthFso59c/WP22hxjWsvnYYQ6snRIbK,null,Hi{&(thinkk-better-comma#1789)&} I am Stella.,[2023-06-04T11:00:17, 2023-06-04T16:12:41, 2023-06-08T03:39:10, 2023-06-08T17:45:59, 2023-06-09T02:10:39, 2023-06-10T01:00:00, 2023-06-11T19:35:33, 2023-06-14T01:59:51, 2023-06-16T20:13:18, 2023-06-19T19:30:01, 2023-06-20T07:38:34, 2023-06-22T11:52:49, 2023-06-24T12:27:03, 2023-06-27T01:52:40, 2023-06-28T20:34:35, 2023-06-29T06:40:01, 2023-07-06T20:29:27, 2023-07-09T20:52:44, 2023-07-13T05:37:24, 2023-07-14T13:03:15, 2023-07-17T02:41:18, 2023-07-19T05:18:30, 2023-07-19T13:21:47, 2023-07-24T07:22:02, 2023-07-25T14:22:13, 2023-07-26T01:13:40, 2023-07-28T11:21:31, 2023-07-29T22:51:44, 2023-08-02T05:36:42, 2023-08-04T15:07:06, 2023-08-05T02:47:21, 2023-08-09T22:06:05, 2023-08-09T22:23:51, 2023-08-10T02:36:51, 2023-08-10T20:20:09, 2023-08-11T10:35:47, 2023-08-14T06:36:33, 2023-08-14T22:19:08, 2023-08-15T01:38:06, 2023-08-17T02:21:06, 2023-08-20T19:19:58, 2023-08-22T10:55:39, 2023-08-23T00:15:22, 2023-08-25T12:24:53, 2023-08-29T12:46:00, 2023-08-30T13:32:07, 2023-09-02T04:45:25, 2023-09-06T10:21:05, 2023-09-06T23:40:24, 2023-09-07T15:09:31, 2023-09-07T17:04:51, 2023-09-07T20:18:00, 2023-09-10T20:28:04, 2023-09-11T04:28:38, 2023-09-12T03:16:21, 2023-09-18T19:13:04, 2023-09-20T12:40:40, 2023-09-27T08:12:56, 2023-09-28T02:52:06, 2023-10-10T03:54:22, 2023-10-12T04:05:00, 2023-10-12T12:04:29]
Ivy,ivy,user-1696945768869#00039,Ivy@thinnk.com,1997-01-05,$2a$12$9h7eCYfH69adQji8wEQW9OV26vatcW9xDNw3JohEFHbcXiGBQxbXi,null,Hi{&(thinkk-better-comma#1789)&} I am Ivy.,[2023-06-03T04:13:28, 2023-06-04T01:38:59, 2023-06-04T07:52:38, 2023-06-04T11:29:00, 2023-06-05T17:56:44, 2023-06-08T00:10:41, 2023-06-08T15:09:15, 2023-06-13T18:02:43, 2023-06-15T16:36:11, 2023-06-17T16:40:42, 2023-06-20T09:14:16, 2023-06-20T13:14:36, 2023-07-03T12:08:36, 2023-07-06T14:37:04, 2023-07-14T00:42:05, 2023-07-15T14:33:14, 2023-07-17T00:47:22, 2023-07-19T08:08:22, 2023-07-20T05:31:10, 2023-07-20T23:37:21, 2023-07-23T05:49:20, 2023-07-27T14:55:29, 2023-07-30T13:46:03, 2023-08-05T13:42:21, 2023-08-13T11:37:06, 2023-08-16T01:28:25, 2023-08-16T02:13:08, 2023-08-20T11:08:27, 2023-08-20T18:53:39, 2023-08-21T07:17:24, 2023-08-21T22:40:46, 2023-08-22T22:38:41, 2023-08-25T06:52:17, 2023-08-28T19:33:34, 2023-08-29T14:58:31, 2023-08-29T19:07:43, 2023-09-02T18:09:01, 2023-09-04T05:26:33, 2023-09-04T18:49:27, 2023-09-05T08:09:14, 2023-09-05T20:25:09, 2023-09-07T02:16:19, 2023-09-07T03:19:35, 2023-09-07T18:45:29, 2023-09-08T06:44:52, 2023-09-11T19:31:56, 2023-09-13T18:03:05, 2023-09-15T11:42:31, 2023-09-20T20:04:52, 2023-09-23T17:12:36, 2023-09-23T17:34:13, 2023-09-27T07:25:26, 2023-10-01T02:03:25, 2023-10-01T07:18:02, 2023-10-02T00:12:29, 2023-10-05T11:43:04, 2023-10-05T18:33:40, 2023-10-06T23:14:31, 2023-10-08T21:20:29, 2023-10-10T10:53:33, 2023-10-10T18:38:34, 2023-10-10T18:38:45, 2023-10-10T18:50:50, 2023-10-10T18:54:07, 2023-10-10T19:36:21, 2023-10-11T07:05:22, 2023-10-11T07:29:42, 2023-10-11T07:40:15, 2023-10-11T08:02:54, 2023-10-11T12:14:11, 2023-10-11T16:03:21, 2023-10-11T16:51:06, 2023-10-11T18:33:01, 2023-10-12T12:07:44, 2023-10-13T06:14:02, 2023-10-13T06:32:31, 2023-10-13T06:38:19]
Victoria,victoria,user-1696945769105#00040,Victoria@thinnk.com,1975-04-09,$2a$12$T3MrgRoMd8hYEHPH/I2VA.j1J195y8u.yIbAx6OnL0OjSzF9JGeu6,null,Hi{&(thinkk-better-comma#1789)&} I am Victoria.,[2023-06-05T03:19:29, 2023-06-05T16:39:00, 2023-06-06T06:12:17, 2023-06-07T03:03:58, 2023-06-11T09:22:55, 2023-06-16T13:57:20, 2023-06-17T04:48:06, 2023-06-17T16:44:09, 2023-06-24T14:45:02, 2023-06-25T19:45:38, 2023-06-26T13:38:25, 2023-06-29T10:58:37, 2023-06-30T13:47:59, 2023-06-30T23:49:27, 2023-07-07T00:38:12, 2023-07-08T10:03:06, 2023-07-09T03:50:51, 2023-07-09T07:56:20, 2023-07-09T12:00:40, 2023-07-11T20:22:31, 2023-07-14T03:00:29, 2023-07-19T14:08:43, 2023-07-19T17:48:42, 2023-07-20T21:52:35, 2023-07-23T05:24:21, 2023-07-23T10:43:53, 2023-07-24T08:35:19, 2023-07-24T17:52:35, 2023-07-25T21:40:36, 2023-07-29T13:19:51, 2023-07-29T23:16:25, 2023-07-30T15:04:20, 2023-08-02T07:49:37, 2023-08-03T00:51:53, 2023-08-05T02:48:24, 2023-08-06T07:34:21, 2023-08-09T19:51:19, 2023-08-11T00:23:25, 2023-08-12T15:10:24, 2023-08-13T10:04:33, 2023-08-14T12:53:51, 2023-08-16T05:12:43, 2023-08-18T09:17:22, 2023-08-23T11:36:10, 2023-08-24T16:28:08, 2023-08-28T23:27:52, 2023-08-29T10:48:15, 2023-08-30T02:03:32, 2023-09-06T07:30:37, 2023-09-09T11:59:56, 2023-09-22T19:07:34, 2023-09-25T21:08:36, 2023-09-26T09:35:28, 2023-09-26T11:57:36, 2023-09-26T14:34:09, 2023-09-28T03:02:46, 2023-09-29T07:58:53, 2023-10-01T21:46:23, 2023-10-09T18:01:05, 2023-10-10T04:17:32]
