staff-1696964052840#00000,2023-08-26T18:54:12
staff-1696964731595#00001,2023-08-26T19:05:31
staff-1697022801042#00002,2023-09-03T11:13:21
staff-1697007815748#00002,2023-08-27T07:03:35
staff-1697009641589#00003,2023-10-07T07:34:01
staff-1697009980034#00004,2023-08-17T07:39:40
staff-1697011086899#00005,2023-10-05T07:58:06
staff-1697022833006#00006,2023-09-19T11:13:53
staff-1697027861033#00007,2023-08-27T12:37:41
staff-1697048999122#00009,2023-09-03T18:29:59
staff-1697049011407#00010,2023-10-07T18:30:11
staff-1697049015344#00011,2023-10-07T18:30:15
staff-1697049080684#00012,2023-08-17T18:31:20
staff-1697049207240#00013,2023-08-17T18:33:27
staff-1697049363772#00014,2023-08-27T18:36:03
staff-1697049995122#00015,2023-09-07T18:46:35
staff-1697049999068#00016,2023-09-07T18:46:39
staff-1697051392519#00017,2023-09-03T19:09:52
staff-1697083471173#00018,2023-09-04T04:04:31
staff-1697083690381#00019,2023-09-04T04:08:10
staff-1697112108301#00020,2023-09-08T12:01:48
staff-1697112110482#00021,2023-09-08T12:01:50
staff-1697112114542#00022,2023-09-08T12:01:54
staff-1697112148552#00023,2023-10-06T12:02:28
staff-1697112180513#00024,2023-10-08T12:03:00
staff-1697112221949#00025,2023-09-08T12:03:41
staff-1697112249012#00026,2023-09-04T12:04:09
staff-1697112286631#00027,2023-09-04T12:04:46
staff-1697168709560#00028,2023-09-05T03:45:09
staff-1697179668478#00029,2023-08-29T06:47:48
staff-1697179779979#00030,2023-08-29T06:49:39
staff-1697180001700#00031,2023-08-29T06:53:21
staff-1697180001700#00032,2023-08-29T06:53:21
staff-1697180038374#00033,2023-08-29T06:53:58
staff-1697180038375#00034,2023-08-29T06:53:58
staff-1697180049254#00035,2023-08-29T06:54:09
