staff-team-1696965748938#00000,event-1696964945656#00041
staff-team-1696963333627#00000,event-1696963018103#00041
staff-team-1696964039012#00001,event-1696963842140#00041
staff-team-1696964412555#00002,event-1696964366037#00041
staff-team-1696964645599#00003,event-1696964366037#00041
staff-team-1696964685724#00004,event-1696964366037#00041
staff-team-1697017964905#00006,event-1697014289467#00041
staff-team-1697018021612#00007,event-1697014289467#00041
staff-team-1697022348423#00008,event-1697014289467#00041
staff-team-1697022563905#00009,event-1697014289467#00041
staff-team-1697022636578#00010,event-1697014289467#00041
staff-team-1697022663388#00011,event-1697014289467#00041
staff-team-1697010992116#00006,event-1697010832742#00041
staff-team-1697013437445#00007,event-1696963842140#00041
staff-team-1697039692592#00014,event-1696963842140#00041
staff-team-1697039745052#00015,event-1696963842140#00041
staff-team-1697039794965#00016,event-1696963842140#00041
staff-team-1697040421374#00017,event-1696964366037#00041
staff-team-1697040506178#00018,event-1696964366037#00041
staff-team-1697040834479#00019,event-1696963018103#00041
staff-team-1697040922776#00020,event-1696963018103#00041
staff-team-1697041059695#00021,event-1696963018103#00041
staff-team-1697041098832#00022,event-1696963018103#00041
staff-team-1697048226225#00023,event-1697008512471#00041
staff-team-1697048261273#00024,event-1697008512471#00041
staff-team-1697048298040#00025,event-1697008512471#00041
staff-team-1697048405013#00026,event-1697008512471#00041
staff-team-1697048439738#00027,event-1697008512471#00041
