event-1696964945656#00041,user-1696943175117#00003
event-1696967117580#00041,user-1696945768154#00036
event-1696962786217#00041,user-1696945767421#00033
event-1696962859024#00041,user-1696945767421#00033
event-1696963018103#00041,user-1696945768393#00037
event-1696963842140#00041,user-1696945767677#00034
event-1696964366037#00041,user-1696945768869#00039
event-1696964587307#00041,user-1696945768869#00039
event-1696964841562#00041,user-1696945768154#00036
event-1697014289467#00041,user-1696945762900#00014
event-1697008512471#00041,user-1696945768393#00037
event-1697010832742#00041,user-1696945762662#00013
event-1697011662892#00041,user-1696945768869#00039
event-1697113218544#00041,user-1696945765518#00025
