participant-1696963161633#00001,user-1696945768869#00039
participant-1696964745281#00003,user-1696945768393#00037
participant-1696964852973#00004,user-1696945768154#00036
participant-1696969534086#00006,user-1696943175117#00003
participant-1696969708947#00007,user-1696945764798#00022
participant-1696971540356#00008,user-1696945765518#00025
participant-1696976595365#00006,user-1696945763611#00017
participant-1696976671856#00007,user-1696945767677#00034
participant-1696976753670#00008,user-1696945768393#00037
participant-1697009663579#00009,user-1696945760966#00006
participant-1697009691133#00010,user-1696945760966#00006
participant-1697009727531#00011,user-1696945763138#00015
participant-1697011102455#00012,user-1696945764323#00020
participant-1697048204141#00013,user-1696943175117#00003
participant-1697049005661#00013,user-1696945763611#00017
participant-1697049023477#00014,user-1696945763611#00017
participant-1697049060848#00015,user-1696945764559#00021
participant-1697049131116#00016,user-1696945765035#00023
participant-1697049136847#00017,user-1696945765035#00023
participant-1697049166948#00018,user-1696945766707#00030
participant-1697050024762#00019,user-1696945767421#00033
participant-1697050031249#00020,user-1696945767421#00033
participant-1697091328114#00022,user-1696945762424#00012
participant-1697091334575#00023,user-1696945762424#00012
participant-1697091363189#00024,user-1696945761464#00008
participant-1697091371370#00025,user-1696945761464#00008
participant-1697112153830#00026,user-1696945763848#00018
participant-1697112188252#00027,user-1696945764798#00022
participant-1697112213288#00028,user-1696945765992#00027
participant-1697112240400#00029,user-1696945765992#00027
participant-1697112291611#00030,user-1696945768631#00038
participant-1697112297414#00031,user-1696945768631#00038
participant-1697112335392#00032,user-1696945765758#00026
participant-1697112652802#00033,user-1696945763375#00016
participant-1697177162996#00034,user-1696945763848#00018
