participant-1696963161633#00001,event-1696963018103#00041
participant-1696964745281#00003,event-1696964366037#00041
participant-1696964852973#00004,event-1696963842140#00041
participant-1696969534086#00006,event-1696963842140#00041
participant-1696969708947#00007,event-1696964366037#00041
participant-1696971540356#00008,event-1696963842140#00041
participant-1696976595365#00006,event-1696964587307#00041
participant-1696976671856#00007,event-1696962859024#00041
participant-1696976753670#00008,event-1696964945656#00041
participant-1697009663579#00009,event-1696962786217#00041
participant-1697009691133#00010,event-1696964587307#00041
participant-1697009727531#00011,event-1696964841562#00041
participant-1697011102455#00012,event-1696967117580#00041
participant-1697048204141#00013,event-1697008512471#00041
participant-1697049005661#00013,event-1697010832742#00041
participant-1697049023477#00014,event-1697011662892#00041
participant-1697049060848#00015,event-1697014289467#00041
participant-1697049131116#00016,event-1697008512471#00041
participant-1697049136847#00017,event-1696964841562#00041
participant-1697049166948#00018,event-1696964366037#00041
participant-1697050024762#00019,event-1696964587307#00041
participant-1697050031249#00020,event-1697011662892#00041
participant-1697091328114#00022,event-1696962786217#00041
participant-1697091334575#00023,event-1696962859024#00041
participant-1697091363189#00024,event-1696962786217#00041
participant-1697091371370#00025,event-1696962859024#00041
participant-1697112153830#00026,event-1696963018103#00041
participant-1697112188252#00027,event-1697008512471#00041
participant-1697112213288#00028,event-1696964841562#00041
participant-1697112240400#00029,event-1696967117580#00041
participant-1697112291611#00030,event-1697008512471#00041
participant-1697112297414#00031,event-1696964841562#00041
participant-1697112335392#00032,event-1696964366037#00041
participant-1697112652802#00033,event-1696967117580#00041
participant-1697177162996#00034,event-1697011662892#00041
