schedule-1696966184685#00016,staff-team-1696964039012#00001
schedule-1696966276496#00019,staff-team-1697013437445#00007
schedule-1696966688367#00025,staff-team-1696964412555#00002
schedule-1696966807042#00029,staff-team-1696964685724#00004
schedule-1697009441724#00040,staff-team-1696964645599#00003
schedule-1697010401972#00041,staff-team-1696963333627#00000
schedule-1697022599946#00042,staff-team-1696965748938#00000
schedule-1697039868272#00043,staff-team-1697039794965#00016
schedule-1697039905268#00044,staff-team-1697039745052#00015
schedule-1697039943362#00045,staff-team-1697039692592#00014
schedule-1697040548430#00048,staff-team-1697040506178#00018
schedule-1697040576143#00049,staff-team-1697040421374#00017
schedule-1697041158222#00050,staff-team-1697040834479#00019
schedule-1697041236613#00051,staff-team-1697041098832#00022
schedule-1697041263433#00052,staff-team-1697041059695#00021
schedule-1697041286164#00053,staff-team-1697040922776#00020
schedule-1697048554984#00054,staff-team-1697048261273#00024
schedule-1697048580401#00055,staff-team-1697048405013#00026
schedule-1697048607006#00056,staff-team-1697048298040#00025
schedule-1697048633004#00057,staff-team-1697048226225#00023
schedule-1697048657502#00058,staff-team-1697048439738#00027
schedule-1697111886610#00060,staff-team-1697010992116#00006
schedule-1697132627707#00068,staff-team-1697017964905#00006
schedule-1697132648494#00069,staff-team-1697022348423#00008
schedule-1697132675202#00071,staff-team-1697022663388#00011
