schedule-1696965004768#00000,event-1696964841562#00041
schedule-1696965059858#00001,event-1696964841562#00041
schedule-1696965104816#00002,event-1696964841562#00041
schedule-1696965137899#00003,event-1696964841562#00041
schedule-1696965184635#00004,event-1696964841562#00041
schedule-1696965333907#00005,event-1696962786217#00041
schedule-1696965429268#00006,event-1696962786217#00041
schedule-1696965456526#00007,event-1696962786217#00041
schedule-1696965527804#00008,event-1696962786217#00041
schedule-1696965626868#00009,event-1696962786217#00041
schedule-1696965877480#00010,event-1696962859024#00041
schedule-1696965909450#00011,event-1696962859024#00041
schedule-1696965964700#00012,event-1696962859024#00041
schedule-1696965996601#00013,event-1696962859024#00041
schedule-1696966025202#00014,event-1696962859024#00041
schedule-1696966151031#00015,event-1696963842140#00041
schedule-1696966184685#00016,event-1696963842140#00041
schedule-1696966234179#00017,event-1696963842140#00041
schedule-1696966255974#00018,event-1696963842140#00041
schedule-1696966276496#00019,event-1696963842140#00041
schedule-1696966408823#00020,event-1696963018103#00041
schedule-1696966433224#00021,event-1696963018103#00041
schedule-1696966456073#00022,event-1696963018103#00041
schedule-1696966488594#00023,event-1696963018103#00041
schedule-1696966561590#00024,event-1696963018103#00041
schedule-1696966688367#00025,event-1696964366037#00041
schedule-1696966717259#00026,event-1696964366037#00041
schedule-1696966741914#00027,event-1696964366037#00041
schedule-1696966770616#00028,event-1696964366037#00041
schedule-1696966807042#00029,event-1696964366037#00041
schedule-1696967008438#00030,event-1696964587307#00041
schedule-1696967028579#00031,event-1696964587307#00041
schedule-1696967048422#00032,event-1696964587307#00041
schedule-1696967071028#00033,event-1696964587307#00041
schedule-1696967098560#00034,event-1696964587307#00041
schedule-1697008613369#00035,event-1697008512471#00041
schedule-1697008640785#00036,event-1697008512471#00041
schedule-1697008664726#00037,event-1697008512471#00041
schedule-1697008686344#00038,event-1697008512471#00041
schedule-1697008707987#00039,event-1697008512471#00041
schedule-1697009441724#00040,event-1696964366037#00041
schedule-1697010401972#00041,event-1696963018103#00041
schedule-1697022599946#00042,event-1696964945656#00041
schedule-1697039868272#00043,event-1696963842140#00041
schedule-1697039905268#00044,event-1696963842140#00041
schedule-1697039943362#00045,event-1696963842140#00041
schedule-1697040084035#00046,event-1696963842140#00041
schedule-1697040186422#00047,event-1696963842140#00041
schedule-1697040548430#00048,event-1696964366037#00041
schedule-1697040576143#00049,event-1696964366037#00041
schedule-1697041158222#00050,event-1696963018103#00041
schedule-1697041236613#00051,event-1696963018103#00041
schedule-1697041263433#00052,event-1696963018103#00041
schedule-1697041286164#00053,event-1696963018103#00041
schedule-1697048554984#00054,event-1697008512471#00041
schedule-1697048580401#00055,event-1697008512471#00041
schedule-1697048607006#00056,event-1697008512471#00041
schedule-1697048633004#00057,event-1697008512471#00041
schedule-1697048657502#00058,event-1697008512471#00041
schedule-1697111789423#00059,event-1697010832742#00041
schedule-1697111886610#00060,event-1697010832742#00041
schedule-1697111993673#00061,event-1697011662892#00041
schedule-1697112024211#00062,event-1697011662892#00041
schedule-1697112056021#00063,event-1697011662892#00041
schedule-1697125059628#00064,event-1697010832742#00041
schedule-1697125090618#00065,event-1697010832742#00041
schedule-1697125128091#00066,event-1697010832742#00041
schedule-1697125171981#00067,event-1697010832742#00041
schedule-1697132627707#00068,event-1697014289467#00041
schedule-1697132648494#00069,event-1697014289467#00041
schedule-1697132661927#00070,event-1697014289467#00041
schedule-1697132675202#00071,event-1697014289467#00041
schedule-1697133433134#00072,event-1697014289467#00041
schedule-1697176724092#00073,event-1696967117580#00041
schedule-1697176799411#00074,event-1696967117580#00041
schedule-1697176860011#00075,event-1696967117580#00041
schedule-1697176897226#00076,event-1696967117580#00041
schedule-1697176939196#00077,event-1696967117580#00041
