staff-1696964052840#00000,user-1696945768869#00039
staff-1696964731595#00001,user-1696945768393#00037
staff-1697022801042#00002,user-1696945766944#00031
staff-1697007815748#00002,user-1696945767421#00033
staff-1697009641589#00003,user-1696945760966#00006
staff-1697009980034#00004,user-1696945767421#00033
staff-1697011086899#00005,user-1696945764323#00020
staff-1697022833006#00006,user-1696945761220#00007
staff-1697027861033#00007,user-1696945763611#00017
staff-1697048999122#00009,user-1696945763611#00017
staff-1697049011407#00010,user-1696945763611#00017
staff-1697049015344#00011,user-1696945763611#00017
staff-1697049080684#00012,user-1696945764559#00021
staff-1697049207240#00013,user-1696945765035#00023
staff-1697049363772#00014,user-1696945767183#00032
staff-1697049995122#00015,user-1696945767421#00033
staff-1697049999068#00016,user-1696945767421#00033
staff-1697051392519#00017,user-1696945768154#00036
staff-1697083471173#00018,user-1696945766944#00031
staff-1697083690381#00019,user-1696945768154#00036
staff-1697112108301#00020,user-1696945763848#00018
staff-1697112110482#00021,user-1696945763848#00018
staff-1697112114542#00022,user-1696945763848#00018
staff-1697112148552#00023,user-1696945763848#00018
staff-1697112180513#00024,user-1696945764798#00022
staff-1697112221949#00025,user-1696945765992#00027
staff-1697112249012#00026,user-1696945765992#00027
staff-1697112286631#00027,user-1696945768631#00038
staff-1697168709560#00028,user-1696945765518#00025
staff-1697179668478#00029,user-1696942964135#00001
staff-1697179779979#00030,user-1696945765277#00024
staff-1697180001700#00031,user-1696942964135#00001
staff-1697180001700#00032,user-1696945764559#00021
staff-1697180038374#00033,user-1696945765035#00023
staff-1697180038375#00034,user-1696945760450#00004
staff-1697180049254#00035,user-1696942964135#00001
