staff-1696964052840#00000,staff-team-1696964039012#00001
staff-1696964731595#00001,staff-team-1696964039012#00001
staff-1697022801042#00002,staff-team-1697022348423#00008
staff-1697007815748#00002,staff-team-1696964039012#00001
staff-1697009641589#00003,staff-team-1696963333627#00000
staff-1697009980034#00004,staff-team-1696964685724#00004
staff-1697011086899#00005,staff-team-1697010992116#00006
staff-1697022833006#00006,staff-team-1696965748938#00000
staff-1697027861033#00007,staff-team-1696964039012#00001
staff-1697048999122#00009,staff-team-1697022563905#00009
staff-1697049011407#00010,staff-team-1697041059695#00021
staff-1697049015344#00011,staff-team-1696963333627#00000
staff-1697049080684#00012,staff-team-1697040506178#00018
staff-1697049207240#00013,staff-team-1696964412555#00002
staff-1697049363772#00014,staff-team-1697039745052#00015
staff-1697049995122#00015,staff-team-1697048405013#00026
staff-1697049999068#00016,staff-team-1697048226225#00023
staff-1697051392519#00017,staff-team-1697022663388#00011
staff-1697083471173#00018,staff-team-1697017964905#00006
staff-1697083690381#00019,staff-team-1697017964905#00006
staff-1697112108301#00020,staff-team-1697048226225#00023
staff-1697112110482#00021,staff-team-1697048405013#00026
staff-1697112114542#00022,staff-team-1697048261273#00024
staff-1697112148552#00023,staff-team-1697010992116#00006
staff-1697112180513#00024,staff-team-1697041059695#00021
staff-1697112221949#00025,staff-team-1697048261273#00024
staff-1697112249012#00026,staff-team-1697022563905#00009
staff-1697112286631#00027,staff-team-1697022348423#00008
staff-1697168709560#00028,staff-team-1697022563905#00009
staff-1697179668478#00029,staff-team-1697013437445#00007
staff-1697179779979#00030,staff-team-1697013437445#00007
staff-1697180001700#00031,staff-team-1697039692592#00014
staff-1697180001700#00032,staff-team-1697039692592#00014
staff-1697180038374#00033,staff-team-1697039794965#00016
staff-1697180038375#00034,staff-team-1697039794965#00016
staff-1697180049254#00035,staff-team-1697039745052#00015
