event-1696964945656#00041,user-1696945768393#00037
event-1696967117580#00041,user-1696945764323#00020
event-1696967117580#00041,user-1696945765992#00027
event-1696967117580#00041,user-1696945763375#00016
event-1696962786217#00041,user-1696945760966#00006
event-1696962786217#00041,user-1696945762424#00012
event-1696962786217#00041,user-1696945761464#00008
event-1696962859024#00041,user-1696945767677#00034
event-1696962859024#00041,user-1696945762424#00012
event-1696962859024#00041,user-1696945761464#00008
event-1696963018103#00041,user-1696945768869#00039
event-1696963018103#00041,user-1696945763848#00018
event-1696963842140#00041,user-1696945768154#00036
event-1696963842140#00041,user-1696943175117#00003
event-1696963842140#00041,user-1696945765518#00025
event-1696964366037#00041,user-1696945768393#00037
event-1696964366037#00041,user-1696945764798#00022
event-1696964366037#00041,user-1696945766707#00030
event-1696964366037#00041,user-1696945765758#00026
event-1696964587307#00041,user-1696945763611#00017
event-1696964587307#00041,user-1696945760966#00006
event-1696964587307#00041,user-1696945767421#00033
event-1696964841562#00041,user-1696945763138#00015
event-1696964841562#00041,user-1696945765035#00023
event-1696964841562#00041,user-1696945765992#00027
event-1696964841562#00041,user-1696945768631#00038
event-1697014289467#00041,user-1696945764559#00021
event-1697008512471#00041,user-1696943175117#00003
event-1697008512471#00041,user-1696945765035#00023
event-1697008512471#00041,user-1696945764798#00022
event-1697008512471#00041,user-1696945768631#00038
event-1697010832742#00041,user-1696945763611#00017
event-1697011662892#00041,user-1696945763611#00017
event-1697011662892#00041,user-1696945767421#00033
event-1697011662892#00041,user-1696945763848#00018
