user-1696942964135#00001,event-1696963842140#00041
user-1696945760450#00004,event-1696963842140#00041
user-1696945760966#00006,event-1696963018103#00041
user-1696945761220#00007,event-1696964945656#00041
user-1696945763611#00017,event-1696963842140#00041
user-1696945763611#00017,event-1697014289467#00041
user-1696945763611#00017,event-1696963018103#00041
user-1696945763848#00018,event-1697008512471#00041
user-1696945763848#00018,event-1697010832742#00041
user-1696945764323#00020,event-1697010832742#00041
user-1696945764559#00021,event-1696964366037#00041
user-1696945764559#00021,event-1696963842140#00041
user-1696945764798#00022,event-1696963018103#00041
user-1696945765035#00023,event-1696964366037#00041
user-1696945765035#00023,event-1696963842140#00041
user-1696945765277#00024,event-1696963842140#00041
user-1696945765518#00025,event-1697014289467#00041
user-1696945765992#00027,event-1697008512471#00041
user-1696945765992#00027,event-1697014289467#00041
user-1696945766944#00031,event-1697014289467#00041
user-1696945767183#00032,event-1696963842140#00041
user-1696945767421#00033,event-1696963842140#00041
user-1696945767421#00033,event-1696964366037#00041
user-1696945767421#00033,event-1697008512471#00041
user-1696945768154#00036,event-1697014289467#00041
user-1696945768393#00037,event-1696963842140#00041
user-1696945768631#00038,event-1697014289467#00041
user-1696945768869#00039,event-1696963842140#00041
