admin#00000,wallet-1696948254308#00000
user-1696942964135#00001,wallet-1696948254308#00001
user-1696943078364#00002,wallet-1696948254308#00002
user-1696943175117#00003,wallet-1696948254308#00003
user-1696945760450#00004,wallet-1696948254308#00004
user-1696945760715#00005,wallet-1696948254308#00005
user-1696945760966#00006,wallet-1696948254308#00006
user-1696945761220#00007,wallet-1696948254308#00007
user-1696945761464#00008,wallet-1696948254308#00008
user-1696945761704#00009,wallet-1696948254308#00009
user-1696945761950#00010,wallet-1696948254308#00010
user-1696945762187#00011,wallet-1696948254308#00011
user-1696945762424#00012,wallet-1696948254308#00012
user-1696945762662#00013,wallet-1696948254308#00013
user-1696945762900#00014,wallet-1696948254308#00014
user-1696945763138#00015,wallet-1696948254308#00015
user-1696945763375#00016,wallet-1696948254308#00016
user-1696945763611#00017,wallet-1696948254308#00017
user-1696945763848#00018,wallet-1696948254308#00018
user-1696945764085#00019,wallet-1696948254308#00019
user-1696945764323#00020,wallet-1696948254309#00020
user-1696945764559#00021,wallet-1696948254309#00021
user-1696945764798#00022,wallet-1696948254309#00022
user-1696945765035#00023,wallet-1696948254309#00023
user-1696945765277#00024,wallet-1696948254309#00024
user-1696945765518#00025,wallet-1696948254309#00025
user-1696945765758#00026,wallet-1696948254309#00026
user-1696945765992#00027,wallet-1696948254309#00027
user-1696945766230#00028,wallet-1696948254309#00028
user-1696945766465#00029,wallet-1696948254309#00029
user-1696945766707#00030,wallet-1696948254309#00030
user-1696945766944#00031,wallet-1696948254309#00031
user-1696945767183#00032,wallet-1696948254309#00032
user-1696945767421#00033,wallet-1696948254309#00033
user-1696945767677#00034,wallet-1696948254309#00034
user-1696945767915#00035,wallet-1696948254309#00035
user-1696945768154#00036,wallet-1696948254309#00036
user-1696945768393#00037,wallet-1696948254309#00037
user-1696945768631#00038,wallet-1696948254310#00038
user-1696945768869#00039,wallet-1696948254310#00039
user-1696945769105#00040,wallet-1696948254310#00040
