participant-1696963161633#00001,2023-10-06T18:39:21
participant-1696964745281#00003,2023-08-16T19:05:45
participant-1696964852973#00004,2023-08-26T19:07:32
participant-1696969534086#00006,2023-08-26T20:25:34
participant-1696969708947#00007,2023-08-16T20:28:28
participant-1696971540356#00008,2023-08-26T20:59:00
participant-1696976595365#00006,2023-10-07T22:23:15
participant-1696976671856#00007,2023-07-25T22:24:31
participant-1696976753670#00008,2023-09-18T22:25:53
participant-1697009663579#00009,2023-05-27T07:34:23
participant-1697009691133#00010,2023-10-08T07:34:51
participant-1697009727531#00011,2023-08-29T07:35:27
participant-1697011102455#00012,2023-09-13T07:58:22
participant-1697048204141#00013,2023-09-07T18:16:44
participant-1697049005661#00013,2023-10-05T18:30:05
participant-1697049023477#00014,2023-09-04T18:30:23
participant-1697049060848#00015,2023-09-03T18:31:00
participant-1697049131116#00016,2023-09-07T18:32:11
participant-1697049136847#00017,2023-08-29T18:32:16
participant-1697049166948#00018,2023-08-17T18:32:46
participant-1697050024762#00019,2023-10-08T18:47:04
participant-1697050031249#00020,2023-09-04T18:47:11
participant-1697091328114#00022,2023-05-28T06:15:28
participant-1697091334575#00023,2023-07-27T06:15:34
participant-1697091363189#00024,2023-05-28T06:16:03
participant-1697091371370#00025,2023-07-27T06:16:11
participant-1697112153830#00026,2023-10-08T12:02:33
participant-1697112188252#00027,2023-09-08T12:03:08
participant-1697112213288#00028,2023-08-30T12:03:33
participant-1697112240400#00029,2023-09-14T12:04:00
participant-1697112291611#00030,2023-09-08T12:04:51
participant-1697112297414#00031,2023-08-30T12:04:57
participant-1697112335392#00032,2023-08-18T12:05:35
participant-1697112652802#00033,2023-09-14T12:10:52
participant-1697177162996#00034,2023-09-06T06:06:02
